t,x1,x2,ymeas1,ymeas2,x1hat,x2hat,P11,P22
0.010000,0.999940,-0.012000,0.995277,0.995277,-0.010000,0.000100,1000.102001
0.020000,0.999760,-0.023998,1.006821,1.006810,1.142318,0.000100,1.998952
0.030000,0.999460,-0.035994,0.985714,0.991139,-0.493320,0.000083,0.502120
0.040000,0.999040,-0.047987,1.008131,1.001556,0.155376,0.000070,0.203323
0.050000,0.998500,-0.059977,1.000734,1.001683,0.097451,0.000060,0.103902
0.060000,0.997841,-0.071962,0.993022,0.997595,-0.052076,0.000053,0.061714
0.070000,0.997061,-0.083944,0.994064,0.995668,-0.095230,0.000047,0.041002
0.080000,0.996162,-0.095921,0.986913,0.991428,-0.173423,0.000042,0.029812
0.090000,0.995143,-0.107896,0.986649,0.988522,-0.205383,0.000038,0.023378
0.100000,0.994004,-0.119868,1.015420,0.996772,-0.037292,0.000036,0.019522
0.110000,0.992745,-0.131838,0.996540,0.996446,-0.046525,0.000033,0.017137
0.120000,0.991367,-0.143808,0.993367,0.995159,-0.069279,0.000031,0.015657
0.130000,0.989869,-0.155780,0.991827,0.993676,-0.091185,0.000030,0.014745
0.140000,0.988251,-0.167754,0.965544,0.984925,-0.217261,0.000029,0.014192
0.150000,0.986514,-0.179734,0.995618,0.986345,-0.174521,0.000028,0.013876
0.160000,0.984657,-0.191720,0.997275,0.988058,-0.133907,0.000027,0.013698
0.170000,0.982680,-0.203717,0.969419,0.982081,-0.211758,0.000027,0.013603
0.180000,0.980582,-0.215726,0.984460,0.981154,-0.204264,0.000026,0.013565
0.190000,0.978365,-0.227750,0.981217,0.979664,-0.206096,0.000026,0.013553
0.200000,0.976027,-0.239792,0.969597,0.975512,-0.247001,0.000026,0.013554
0.210000,0.973569,-0.251857,0.961762,0.970105,-0.300587,0.000026,0.013562
0.220000,0.970990,-0.263948,0.982950,0.971219,-0.249348,0.000026,0.013574
0.230000,0.968290,-0.276068,0.956203,0.965473,-0.307850,0.000026,0.013579
0.240000,0.965469,-0.288222,0.959457,0.961632,-0.329331,0.000026,0.013586
0.250000,0.962525,-0.300414,0.948115,0.955683,-0.379154,0.000026,0.013593
0.260000,0.959460,-0.312650,0.948137,0.950916,-0.403982,0.000026,0.013601
0.270000,0.956272,-0.324933,0.949158,0.947469,-0.405399,0.000026,0.013610
0.280000,0.952961,-0.337270,0.954659,0.946339,-0.371903,0.000026,0.013617
0.290000,0.949527,-0.349665,0.946692,0.943679,-0.366275,0.000026,0.013622
0.300000,0.945968,-0.362125,0.941117,0.940303,-0.372233,0.000026,0.013626
0.310000,0.942284,-0.374655,0.936501,0.936560,-0.382823,0.000026,0.013632
0.320000,0.938474,-0.387262,0.969562,0.942321,-0.249262,0.000026,0.013639
0.330000,0.934538,-0.399952,0.941590,0.940287,-0.252375,0.000026,0.013636
0.340000,0.930475,-0.412732,0.908664,0.930184,-0.376052,0.000026,0.013636
0.350000,0.926283,-0.425609,0.927006,0.926575,-0.384105,0.000026,0.013646
0.360000,0.921963,-0.438592,0.919661,0.921933,-0.406490,0.000026,0.013658
0.370000,0.917511,-0.451686,0.917318,0.917725,-0.419099,0.000026,0.013671
0.380000,0.912928,-0.464901,0.912111,0.913163,-0.435189,0.000026,0.013685
0.390000,0.908213,-0.478245,0.908665,0.908773,-0.446354,0.000026,0.013699
0.400000,0.903363,-0.491727,0.914038,0.906847,-0.418804,0.000026,0.013713
0.410000,0.898378,-0.505356,0.895137,0.900696,-0.458945,0.000026,0.013724
0.420000,0.893255,-0.519141,0.892995,0.895294,-0.481942,0.000026,0.013737
0.430000,0.887994,-0.533092,0.875311,0.886515,-0.552559,0.000026,0.013752
0.440000,0.882593,-0.547220,0.891223,0.883663,-0.523434,0.000026,0.013771
0.450000,0.877049,-0.561535,0.885724,0.880336,-0.505765,0.000026,0.013786
0.460000,0.871362,-0.576049,0.878344,0.876080,-0.504736,0.000026,0.013799
0.470000,0.865528,-0.590772,0.857227,0.867420,-0.570503,0.000026,0.013812
0.480000,0.859545,-0.605718,0.867167,0.863142,-0.560408,0.000026,0.013829
0.490000,0.853413,-0.620898,0.849842,0.855522,-0.602448,0.000026,0.013845
0.500000,0.847127,-0.636326,0.836286,0.846035,-0.666739,0.000026,0.013863
0.510000,0.840685,-0.652015,0.825915,0.835840,-0.732539,0.000026,0.013884
0.520000,0.834085,-0.667979,0.817245,0.825558,-0.790254,0.000026,0.013909
0.530000,0.827325,-0.684234,0.832185,0.821470,-0.745516,0.000026,0.013936
0.540000,0.820400,-0.700794,0.825404,0.817007,-0.713018,0.000026,0.013958
0.550000,0.813308,-0.717676,0.808520,0.809520,-0.731380,0.000026,0.013976
0.560000,0.806045,-0.734896,0.810657,0.804430,-0.710616,0.000026,0.013994
0.570000,0.798608,-0.752473,0.792997,0.796185,-0.741077,0.000026,0.014010
0.580000,0.790994,-0.770423,0.779351,0.786291,-0.792397,0.000026,0.014029
0.590000,0.783199,-0.788766,0.786070,0.780398,-0.775280,0.000026,0.014050
0.600000,0.775218,-0.807523,0.770433,0.772062,-0.798084,0.000026,0.014069
0.610000,0.767047,-0.826713,0.789034,0.770667,-0.711399,0.000026,0.014090
0.620000,0.758682,-0.846358,0.751668,0.760414,-0.772989,0.000026,0.014104
0.630000,0.750118,-0.866481,0.744840,0.750612,-0.818910,0.000026,0.014122
0.640000,0.741351,-0.887105,0.751528,0.744830,-0.796629,0.000026,0.014143
0.650000,0.732374,-0.908254,0.748733,0.740003,-0.762950,0.000026,0.014162
0.660000,0.723184,-0.929956,0.752923,0.737813,-0.693659,0.000026,0.014179
0.670000,0.713773,-0.952236,0.715271,0.726743,-0.770925,0.000026,0.014191
0.680000,0.704137,-0.975122,0.715146,0.718004,-0.801334,0.000026,0.014208
0.690000,0.694269,-0.998644,0.683697,0.703020,-0.923641,0.000027,0.014227
0.700000,0.684162,-1.022832,0.689477,0.692641,-0.957638,0.000027,0.014253
0.710000,0.673810,-1.047719,0.672869,0.680359,-1.016315,0.000027,0.014280
0.720000,0.663205,-1.073337,0.641401,0.662548,-1.152259,0.000027,0.014308
0.730000,0.652340,-1.099722,0.661039,0.653687,-1.130620,0.000027,0.014342
0.740000,0.641208,-1.126910,0.616523,0.635502,-1.256757,0.000027,0.014371
0.750000,0.629799,-1.154939,0.642920,0.628256,-1.195486,0.000027,0.014405
0.760000,0.618106,-1.183849,0.614863,0.615918,-1.222207,0.000027,0.014433
0.770000,0.606119,-1.213681,0.615036,0.606721,-1.196469,0.000027,0.014460
0.780000,0.593829,-1.244478,0.588718,0.593144,-1.242782,0.000027,0.014484
0.790000,0.581226,-1.276286,0.578443,0.580109,-1.274302,0.000027,0.014509
0.800000,0.568300,-1.309151,0.566007,0.567002,-1.302693,0.000027,0.014534
0.810000,0.555039,-1.343122,0.560888,0.555825,-1.297144,0.000027,0.014560
0.820000,0.541434,-1.378250,0.534147,0.540522,-1.357114,0.000027,0.014584
0.830000,0.527470,-1.414588,0.523709,0.526082,-1.395343,0.000027,0.014611
0.840000,0.513138,-1.452189,0.509785,0.511500,-1.430647,0.000027,0.014637
0.850000,0.498422,-1.491111,0.507416,0.499938,-1.413839,0.000027,0.014664
0.860000,0.483311,-1.531412,0.476147,0.483206,-1.480780,0.000027,0.014689
0.870000,0.467789,-1.573152,0.469688,0.468745,-1.502870,0.000027,0.014715
0.880000,0.451843,-1.616394,0.460796,0.455621,-1.501040,0.000027,0.014741
0.890000,0.435456,-1.661202,0.433647,0.438736,-1.558928,0.000027,0.014765
0.900000,0.418613,-1.707640,0.415937,0.421204,-1.619127,0.000027,0.014790
0.910000,0.401297,-1.755775,0.404720,0.404933,-1.651230,0.000027,0.014816
0.920000,0.383492,-1.805675,0.374888,0.384769,-1.740586,0.000027,0.014841
0.930000,0.365178,-1.857409,0.363824,0.366407,-1.789213,0.000027,0.014867
0.940000,0.346337,-1.911045,0.347506,0.348243,-1.828180,0.000027,0.014893
0.950000,0.326950,-1.966653,0.324422,0.328463,-1.887531,0.000027,0.014918
0.960000,0.306997,-2.024300,0.292701,0.305017,-1.996973,0.000027,0.014943
0.970000,0.286457,-2.084054,0.279361,0.283507,-2.060698,0.000027,0.014968
0.980000,0.265309,-2.145979,0.277002,0.266722,-2.040719,0.000027,0.014992
0.990000,0.243530,-2.210137,0.240388,0.244708,-2.106858,0.000027,0.015013
1.000000,0.221099,-2.276586,0.211145,0.220248,-2.202869,0.000027,0.015034
1.010000,0.197991,-2.345378,0.215322,0.202864,-2.173058,0.000027,0.015054
1.020000,0.174183,-2.416558,0.184148,0.181952,-2.203714,0.000027,0.015072
1.030000,0.149651,-2.490163,0.148314,0.156761,-2.298414,0.000027,0.015087
1.040000,0.124372,-2.566220,0.136881,0.134621,-2.331361,0.000027,0.015103
1.050000,0.098319,-2.644742,0.091770,0.105991,-2.463286,0.000027,0.015116
1.060000,0.071468,-2.725727,0.085763,0.082558,-2.493928,0.000027,0.015128
1.070000,0.043796,-2.809155,0.046990,0.054724,-2.590478,0.000027,0.015139
1.080000,0.015277,-2.894986,0.020473,0.026546,-2.678964,0.000027,0.015147
1.090000,-0.014111,-2.983154,-0.003260,-0.001065,-2.745889,0.000027,0.015153
1.100000,-0.044393,-3.073565,-0.031156,-0.029241,-2.812238,0.000027,0.015156
1.110000,-0.075590,-3.166091,-0.070977,-0.061074,-2.927337,0.000027,0.015157
1.120000,-0.107722,-3.260569,-0.101298,-0.093332,-3.032656,0.000027,0.015154
1.130000,-0.140807,-3.356794,-0.132439,-0.126052,-3.129991,0.000027,0.015148
1.140000,-0.174862,-3.454512,-0.156190,-0.157035,-3.185290,0.000027,0.015138
1.150000,-0.209901,-3.553420,-0.201757,-0.192394,-3.301642,0.000027,0.015124
1.160000,-0.245934,-3.653156,-0.234809,-0.227970,-3.403989,0.000027,0.015105
1.170000,-0.282966,-3.753298,-0.273679,-0.265186,-3.516669,0.000027,0.015082
1.180000,-0.320999,-3.853357,-0.313644,-0.303969,-3.636704,0.000027,0.015053
1.190000,-0.360031,-3.952774,-0.349013,-0.342695,-3.736985,0.000027,0.015017
1.200000,-0.400051,-4.050917,-0.403896,-0.386537,-3.901667,0.000027,0.014976
1.210000,-0.441043,-4.147081,-0.443994,-0.430557,-4.042917,0.000027,0.014926
1.220000,-0.482983,-4.240483,-0.495083,-0.477515,-4.206929,0.000027,0.014868
1.230000,-0.525840,-4.330270,-0.534504,-0.523620,-4.330211,0.000027,0.014800
1.240000,-0.569573,-4.415520,-0.566398,-0.566781,-4.385617,0.000027,0.014723
1.250000,-0.614132,-4.495247,-0.608838,-0.610152,-4.431953,0.000027,0.014642
1.260000,-0.659457,-4.568418,-0.657947,-0.655406,-4.495906,0.000027,0.014555
1.270000,-0.705475,-4.633959,-0.692251,-0.698189,-4.507196,0.000027,0.014462
1.280000,-0.752107,-4.690780,-0.745258,-0.743795,-4.554569,0.000027,0.014364
1.290000,-0.799258,-4.737790,-0.814167,-0.795960,-4.688499,0.000027,0.014260
1.300000,-0.846826,-4.773923,-0.830129,-0.839465,-4.663789,0.000027,0.014141
1.310000,-0.894697,-4.798168,-0.883042,-0.885292,-4.670738,0.000026,0.014020
1.320000,-0.942747,-4.809596,-0.924991,-0.930150,-4.654461,0.000026,0.013894
1.330000,-0.990843,-4.807390,-0.990105,-0.980220,-4.709963,0.000026,0.013764
1.340000,-1.038847,-4.790876,-1.049945,-1.033242,-4.791017,0.000026,0.013624
1.350000,-1.086612,-4.759555,-1.077086,-1.080092,-4.758718,0.000026,0.013470
1.360000,-1.133988,-4.713121,-1.134925,-1.129559,-4.759253,0.000026,0.013314
1.370000,-1.180823,-4.651492,-1.186024,-1.179441,-4.754541,0.000026,0.013151
1.380000,-1.226967,-4.574813,-1.239290,-1.230144,-4.750450,0.000026,0.012983
1.390000,-1.272271,-4.483473,-1.259847,-1.273106,-4.625375,0.000026,0.012809
1.400000,-1.316590,-4.378098,-1.318125,-1.319046,-4.550825,0.000025,0.012640
1.410000,-1.359789,-4.259540,-1.361929,-1.363892,-4.461119,0.000025,0.012472
1.420000,-1.401740,-4.128862,-1.398984,-1.406119,-4.338042,0.000025,0.012303
1.430000,-1.442330,-3.987310,-1.430377,-1.444738,-4.174576,0.000025,0.012138
1.440000,-1.481455,-3.836279,-1.489501,-1.487230,-4.079369,0.000025,0.011980
1.450000,-1.519029,-3.677278,-1.514499,-1.524700,-3.921279,0.000025,0.011820
1.460000,-1.554979,-3.511886,-1.554459,-1.561604,-3.771601,0.000024,0.011665
1.470000,-1.589250,-3.341714,-1.600055,-1.599498,-3.649785,0.000024,0.011515
1.480000,-1.621803,-3.168362,-1.630048,-1.634561,-3.501369,0.000024,0.011365
1.490000,-1.652612,-2.993385,-1.652161,-1.665401,-3.314134,0.000024,0.011219
1.500000,-1.681670,-2.818259,-1.679115,-1.693915,-3.120712,0.000024,0.011083
1.510000,-1.708981,-2.644352,-1.720163,-1.723948,-2.972164,0.000024,0.010956
1.520000,-1.734565,-2.472907,-1.731646,-1.748485,-2.772281,0.000024,0.010832
1.530000,-1.758451,-2.305022,-1.764981,-1.773580,-2.607759,0.000023,0.010720
1.540000,-1.780681,-2.141647,-1.782105,-1.795571,-2.427150,0.000023,0.010612
1.550000,-1.801302,-1.983577,-1.799189,-1.815058,-2.241871,0.000023,0.010514
1.560000,-1.820372,-1.831455,-1.831940,-1.836200,-2.105063,0.000023,0.010424
1.570000,-1.837953,-1.685779,-1.835819,-1.852332,-1.926365,0.000023,0.010337
1.580000,-1.854110,-1.546909,-1.843477,-1.865168,-1.735455,0.000023,0.010259
1.590000,-1.868914,-1.415083,-1.877965,-1.881485,-1.618072,0.000023,0.010193
1.600000,-1.882436,-1.290425,-1.881005,-1.893886,-1.471022,0.000023,0.010128
1.610000,-1.894747,-1.172962,-1.893631,-1.905212,-1.334864,0.000023,0.010069
1.620000,-1.905919,-1.062636,-1.907119,-1.915980,-1.214327,0.000023,0.010016
1.630000,-1.916023,-0.959322,-1.906406,-1.923240,-1.071227,0.000022,0.009968
1.640000,-1.925128,-0.862833,-1.919319,-1.930669,-0.954518,0.000022,0.009928
1.650000,-1.933302,-0.772940,-1.923012,-1.936363,-0.836683,0.000022,0.009892
1.660000,-1.940608,-0.689378,-1.940669,-1.943823,-0.760356,0.000022,0.009863
1.670000,-1.947109,-0.611858,-1.959467,-1.953220,-0.720240,0.000022,0.009834
1.680000,-1.952864,-0.540073,-1.960386,-1.960414,-0.660037,0.000022,0.009801
1.690000,-1.957929,-0.473708,-1.935004,-1.959893,-0.517390,0.000022,0.009770
1.700000,-1.962355,-0.412442,-1.963785,-1.964782,-0.464952,0.000022,0.009752
1.710000,-1.966193,-0.355957,-1.948023,-1.964680,-0.361695,0.000022,0.009734
1.720000,-1.969489,-0.303941,-1.966498,-1.967898,-0.316554,0.000022,0.009724
1.730000,-1.972286,-0.256089,-1.976674,-1.972307,-0.293582,0.000022,0.009713
1.740000,-1.974624,-0.212106,-1.984541,-1.977302,-0.281567,0.000022,0.009700
1.750000,-1.976540,-0.171711,-1.979666,-1.980018,-0.244190,0.000022,0.009684
1.760000,-1.978069,-0.134635,-1.981860,-1.982327,-0.208519,0.000022,0.009670
1.770000,-1.979243,-0.100625,-1.977429,-1.982868,-0.157973,0.000022,0.009657
1.780000,-1.980091,-0.069442,-1.999310,-1.987732,-0.168166,0.000022,0.009649
1.790000,-1.980641,-0.040861,-1.970032,-1.985132,-0.087141,0.000022,0.009636
1.800000,-1.980916,-0.014673,-1.983692,-1.985493,-0.056041,0.000022,0.009632
1.810000,-1.980941,0.009318,-1.971313,-1.982800,0.006053,0.000022,0.009630
1.820000,-1.980737,0.031293,-1.985434,-1.983334,0.018430,0.000022,0.009634
1.830000,-1.980322,0.051420,-1.965867,-1.979336,0.082884,0.000022,0.009636
1.840000,-1.979714,0.069856,-1.976273,-1.978014,0.103773,0.000022,0.009644
1.850000,-1.978930,0.086744,-1.964810,-1.974291,0.149762,0.000022,0.009652
1.860000,-1.977984,0.102215,-1.965216,-1.971120,0.180954,0.000022,0.009663
1.870000,-1.976890,0.116393,-1.984208,-1.972602,0.150642,0.000022,0.009675
1.880000,-1.975660,0.129387,-1.991547,-1.975616,0.107247,0.000022,0.009680
1.890000,-1.974306,0.141303,-1.973142,-1.974233,0.124528,0.000022,0.009678
1.900000,-1.972837,0.152232,-1.976111,-1.973679,0.128756,0.000022,0.009678
1.910000,-1.971264,0.162262,-1.970400,-1.971951,0.146362,0.000022,0.009678
1.920000,-1.969595,0.171471,-1.976773,-1.971878,0.140897,0.000022,0.009681
1.930000,-1.967837,0.179932,-1.974677,-1.971401,0.141283,0.000022,0.009683
1.940000,-1.965998,0.187710,-1.959786,-1.967729,0.180060,0.000022,0.009685
1.950000,-1.964085,0.194866,-1.973813,-1.967674,0.168381,0.000022,0.009692
1.960000,-1.962103,0.201454,-1.966643,-1.966135,0.176666,0.000022,0.009697
1.970000,-1.960058,0.207526,-1.960765,-1.963570,0.195849,0.000022,0.009702
1.980000,-1.957954,0.213125,-1.946144,-1.958184,0.245681,0.000022,0.009710
1.990000,-1.955796,0.218295,-1.963218,-1.957388,0.231296,0.000022,0.009724
2.000000,-1.953589,0.223074,-1.951477,-1.954277,0.247440,0.000022,0.009734
2.010000,-1.951336,0.227495,-1.952953,-1.952058,0.249961,0.000022,0.009745
2.020000,-1.949040,0.231591,-1.965319,-1.953057,0.213068,0.000022,0.009755
2.030000,-1.946705,0.235391,-1.938070,-1.948071,0.255231,0.000022,0.009760
2.040000,-1.944334,0.238921,-1.941950,-1.944725,0.270083,0.000022,0.009770
2.050000,-1.941928,0.242204,-1.936978,-1.940903,0.288146,0.000022,0.009782
2.060000,-1.939490,0.245264,-1.919541,-1.933910,0.341588,0.000022,0.009796
2.070000,-1.937023,0.248119,-1.942367,-1.933137,0.310061,0.000022,0.009816
2.080000,-1.934528,0.250788,-1.933692,-1.930851,0.302518,0.000022,0.009830
2.090000,-1.932008,0.253287,-1.920771,-1.926253,0.324522,0.000022,0.009842
2.100000,-1.929463,0.255632,-1.920061,-1.922350,0.334241,0.000022,0.009856
2.110000,-1.926896,0.257836,-1.911819,-1.917403,0.355086,0.000022,0.009871
2.120000,-1.924307,0.259912,-1.928488,-1.917122,0.315246,0.000022,0.009889
2.130000,-1.921698,0.261871,-1.929747,-1.917498,0.274352,0.000022,0.009900
2.140000,-1.919070,0.263724,-1.922194,-1.916419,0.258462,0.000022,0.009905
2.150000,-1.916424,0.265480,-1.903627,-1.911549,0.291838,0.000022,0.009910
2.160000,-1.913760,0.267148,-1.905023,-1.907822,0.305391,0.000022,0.009920
2.170000,-1.911081,0.268736,-1.893515,-1.902246,0.339316,0.000022,0.009932
2.180000,-1.908386,0.270251,-1.915923,-1.902681,0.293564,0.000022,0.009949
2.190000,-1.905676,0.271700,-1.919804,-1.904246,0.241894,0.000022,0.009959
2.200000,-1.902952,0.273089,-1.893901,-1.900048,0.270129,0.000022,0.009962
2.210000,-1.900215,0.274423,-1.885584,-1.894704,0.307546,0.000022,0.009971
2.220000,-1.897464,0.275708,-1.898685,-1.893214,0.291063,0.000022,0.009984
2.230000,-1.894701,0.276947,-1.908370,-1.894365,0.244928,0.000022,0.009995
2.240000,-1.891925,0.278146,-1.876841,-1.888525,0.293001,0.000022,0.010000
2.250000,-1.889138,0.279308,-1.895442,-1.887811,0.269538,0.000023,0.010012
2.260000,-1.886339,0.280437,-1.881348,-1.884267,0.285085,0.000023,0.010021
2.270000,-1.883529,0.281535,-1.884641,-1.882143,0.280436,0.000023,0.010032
2.280000,-1.880708,0.282607,-1.868193,-1.876827,0.316060,0.000023,0.010042
2.290000,-1.877877,0.283654,-1.872420,-1.873385,0.322381,0.000023,0.010057
2.300000,-1.875035,0.284679,-1.870192,-1.870168,0.324870,0.000023,0.010072
2.310000,-1.872184,0.285684,-1.871547,-1.867964,0.314412,0.000023,0.010087
2.320000,-1.869322,0.286672,-1.868801,-1.865719,0.306298,0.000023,0.010099
2.330000,-1.866450,0.287645,-1.859357,-1.861910,0.319041,0.000023,0.010110
2.340000,-1.863569,0.288603,-1.845764,-1.855789,0.358372,0.000023,0.010123
2.350000,-1.860678,0.289550,-1.845683,-1.850729,0.377809,0.000023,0.010140
2.360000,-1.857778,0.290486,-1.852521,-1.848213,0.362288,0.000023,0.010160
2.370000,-1.854868,0.291412,-1.865602,-1.849353,0.303847,0.000023,0.010176
2.380000,-1.851950,0.292331,-1.851755,-1.847549,0.292244,0.000023,0.010184
2.390000,-1.849022,0.293243,-1.854922,-1.846963,0.267445,0.000023,0.010191
2.400000,-1.846085,0.294149,-1.834771,-1.842127,0.300039,0.000023,0.010195
2.410000,-1.843139,0.295050,-1.821220,-1.835057,0.354972,0.000023,0.010206
2.420000,-1.840184,0.295947,-1.849754,-1.835656,0.304631,0.000023,0.010223
2.430000,-1.837220,0.296842,-1.840244,-1.834346,0.286828,0.000023,0.010234
2.440000,-1.834247,0.297734,-1.817992,-1.828408,0.330076,0.000023,0.010242
2.450000,-1.831265,0.298625,-1.834548,-1.827258,0.305957,0.000023,0.010257
2.460000,-1.828274,0.299515,-1.856586,-1.831578,0.217339,0.000023,0.010268
2.470000,-1.825275,0.300405,-1.821068,-1.827504,0.249282,0.000023,0.010267
2.480000,-1.822266,0.301296,-1.814234,-1.822553,0.286750,0.000023,0.010273
2.490000,-1.819249,0.302188,-1.825382,-1.820985,0.275364,0.000023,0.010284
2.500000,-1.816223,0.303081,-1.827930,-1.820445,0.253032,0.000023,0.010294
2.510000,-1.813187,0.303976,-1.823518,-1.819194,0.243469,0.000023,0.010301
2.520000,-1.810143,0.304874,-1.827117,-1.819125,0.220695,0.000023,0.010307
2.530000,-1.807090,0.305775,-1.814054,-1.816264,0.236941,0.000023,0.010310
2.540000,-1.804027,0.306679,-1.827249,-1.816946,0.205843,0.000023,0.010317
2.550000,-1.800956,0.307587,-1.801400,-1.811804,0.253345,0.000023,0.010320
2.560000,-1.797876,0.308499,-1.794496,-1.805893,0.302443,0.000023,0.010330
2.570000,-1.794786,0.309415,-1.800297,-1.802280,0.314257,0.000023,0.010346
2.580000,-1.791687,0.310337,-1.794148,-1.797996,0.332578,0.000023,0.010362
2.590000,-1.788579,0.311263,-1.783295,-1.792066,0.368634,0.000023,0.010380
2.600000,-1.785462,0.312194,-1.805834,-1.792378,0.319657,0.000023,0.010400
2.610000,-1.782335,0.313131,-1.772405,-1.785335,0.372185,0.000023,0.010413
2.620000,-1.779199,0.314075,-1.788567,-1.783209,0.353535,0.000023,0.010431
2.630000,-1.776054,0.315024,-1.779800,-1.779703,0.355608,0.000023,0.010446
2.640000,-1.772899,0.315979,-1.773195,-1.775468,0.366633,0.000023,0.010461
2.650000,-1.769734,0.316942,-1.780261,-1.773747,0.343871,0.000023,0.010476
2.660000,-1.766560,0.317911,-1.775201,-1.771435,0.332529,0.000023,0.010488
2.670000,-1.763376,0.318887,-1.740094,-1.761656,0.418264,0.000023,0.010499
2.680000,-1.760182,0.319870,-1.761803,-1.758472,0.405571,0.000023,0.010521
2.690000,-1.756979,0.320861,-1.768548,-1.757676,0.364554,0.000023,0.010541
2.700000,-1.753765,0.321860,-1.766549,-1.756920,0.329961,0.000023,0.010554
2.710000,-1.750541,0.322867,-1.741197,-1.750750,0.370501,0.000023,0.010563
2.720000,-1.747308,0.323882,-1.762550,-1.750630,0.326830,0.000023,0.010577
2.730000,-1.744064,0.324905,-1.736945,-1.744952,0.361730,0.000023,0.010587
2.740000,-1.740809,0.325937,-1.750304,-1.743411,0.337786,0.000023,0.010601
2.750000,-1.737545,0.326977,-1.745117,-1.741211,0.326355,0.000023,0.010613
2.760000,-1.734270,0.328027,-1.732179,-1.736610,0.347685,0.000023,0.010623
2.770000,-1.730984,0.329085,-1.716698,-1.729322,0.400013,0.000023,0.010637
2.780000,-1.727688,0.330153,-1.739928,-1.728711,0.357811,0.000023,0.010657
2.790000,-1.724381,0.331231,-1.713034,-1.722324,0.397055,0.000023,0.010671
2.800000,-1.721063,0.332318,-1.714753,-1.717517,0.409465,0.000023,0.010690
2.810000,-1.717735,0.333415,-1.731814,-1.717698,0.355496,0.000023,0.010709
2.820000,-1.714395,0.334522,-1.712891,-1.713852,0.362590,0.000023,0.010721
2.830000,-1.711044,0.335639,-1.707717,-1.709642,0.373253,0.000023,0.010734
2.840000,-1.707682,0.336767,-1.697124,-1.703862,0.402498,0.000023,0.010748
2.850000,-1.704309,0.337905,-1.704544,-1.700935,0.390022,0.000023,0.010766
2.860000,-1.700924,0.339054,-1.702116,-1.698220,0.376910,0.000023,0.010782
2.870000,-1.697528,0.340215,-1.699607,-1.695655,0.364087,0.000023,0.010796
2.880000,-1.694120,0.341386,-1.691639,-1.691926,0.368547,0.000023,0.010809
2.890000,-1.690700,0.342569,-1.695464,-1.689930,0.349811,0.000023,0.010822
2.900000,-1.687268,0.343764,-1.691852,-1.687700,0.337255,0.000023,0.010833
2.910000,-1.683824,0.344970,-1.684815,-1.684441,0.340198,0.000023,0.010843
2.920000,-1.680369,0.346189,-1.677671,-1.680250,0.354833,0.000023,0.010855
2.930000,-1.676901,0.347420,-1.687555,-1.679245,0.325581,0.000023,0.010868
2.940000,-1.673420,0.348663,-1.664141,-1.673212,0.366757,0.000023,0.010878
2.950000,-1.669927,0.349920,-1.683597,-1.672841,0.327294,0.000023,0.010894
2.960000,-1.666422,0.351189,-1.673207,-1.670422,0.321117,0.000023,0.010904
2.970000,-1.662903,0.352471,-1.666785,-1.667111,0.327651,0.000023,0.010914
2.980000,-1.659372,0.353767,-1.663240,-1.663694,0.334508,0.000023,0.010926
2.990000,-1.655828,0.355076,-1.667681,-1.662073,0.316793,0.000024,0.010938
3.000000,-1.652271,0.356399,-1.659027,-1.658934,0.321890,0.000024,0.010948
3.010000,-1.648700,0.357736,-1.631285,-1.649967,0.402502,0.000024,0.010959
3.020000,-1.645116,0.359088,-1.635580,-1.643502,0.437148,0.000024,0.010980
3.030000,-1.641518,0.360454,-1.639895,-1.639311,0.436365,0.000024,0.011005
3.040000,-1.637907,0.361835,-1.637072,-1.635448,0.431462,0.000024,0.011027
3.050000,-1.634281,0.363232,-1.646636,-1.634791,0.385195,0.000024,0.011047
3.060000,-1.630642,0.364643,-1.620612,-1.628501,0.420833,0.000024,0.011060
3.070000,-1.626988,0.366071,-1.614783,-1.622045,0.452898,0.000024,0.011077
3.080000,-1.623320,0.367514,-1.600630,-1.613522,0.507151,0.000024,0.011098
3.090000,-1.619638,0.368974,-1.619576,-1.611084,0.472174,0.000024,0.011125
3.100000,-1.615941,0.370450,-1.617118,-1.608911,0.439454,0.000024,0.011145
3.110000,-1.612229,0.371943,-1.605304,-1.604703,0.439122,0.000024,0.011161
3.120000,-1.608502,0.373453,-1.618575,-1.604647,0.383783,0.000024,0.011177
3.130000,-1.604760,0.374981,-1.597043,-1.599915,0.399650,0.000024,0.011187
3.140000,-1.601002,0.376526,-1.602846,-1.597565,0.381310,0.000024,0.011199
3.150000,-1.597229,0.378090,-1.602171,-1.595755,0.358836,0.000024,0.011210
3.160000,-1.593440,0.379672,-1.605497,-1.595339,0.321504,0.000024,0.011220
3.170000,-1.589635,0.381272,-1.579543,-1.589128,0.367405,0.000024,0.011226
3.180000,-1.585815,0.382892,-1.584573,-1.585244,0.374904,0.000024,0.011239
3.190000,-1.581977,0.384532,-1.577782,-1.580610,0.391224,0.000024,0.011253
3.200000,-1.578124,0.386191,-1.560268,-1.572780,0.447578,0.000024,0.011270
3.210000,-1.574254,0.387870,-1.566447,-1.567862,0.456053,0.000024,0.011293
3.220000,-1.570366,0.389570,-1.567149,-1.564220,0.446162,0.000024,0.011315
3.230000,-1.566462,0.391291,-1.559027,-1.559583,0.451254,0.000024,0.011335
3.240000,-1.562540,0.393034,-1.563840,-1.557168,0.425823,0.000024,0.011355
3.250000,-1.558601,0.394798,-1.562188,-1.555130,0.399473,0.000024,0.011371
3.260000,-1.554644,0.396585,-1.550114,-1.550891,0.406996,0.000024,0.011383
3.270000,-1.550669,0.398394,-1.532491,-1.543386,0.457249,0.000024,0.011397
3.280000,-1.546676,0.400227,-1.546031,-1.540545,0.436769,0.000024,0.011417
3.290000,-1.542665,0.402083,-1.529873,-1.534664,0.460579,0.000024,0.011434
3.300000,-1.538634,0.403963,-1.554478,-1.535923,0.384372,0.000024,0.011453
3.310000,-1.534585,0.405868,-1.521626,-1.529567,0.423201,0.000024,0.011464
3.320000,-1.530517,0.407797,-1.517100,-1.523354,0.453920,0.000024,0.011479
3.330000,-1.526429,0.409753,-1.525728,-1.520479,0.434697,0.000024,0.011498
3.340000,-1.522322,0.411734,-1.511463,-1.515008,0.453727,0.000024,0.011515
3.350000,-1.518194,0.413742,-1.506181,-1.509437,0.471143,0.000024,0.011534
3.360000,-1.514047,0.415777,-1.515566,-1.507340,0.438758,0.000024,0.011554
3.370000,-1.509879,0.417840,-1.517308,-1.506417,0.395666,0.000024,0.011570
3.380000,-1.505690,0.419931,-1.500074,-1.501884,0.408530,0.000024,0.011581
3.390000,-1.501480,0.422051,-1.511678,-1.501153,0.367735,0.000024,0.011594
3.400000,-1.497249,0.424201,-1.490427,-1.495771,0.396714,0.000024,0.011603
3.410000,-1.492996,0.426380,-1.494117,-1.492364,0.394261,0.000024,0.011616
3.420000,-1.488721,0.428591,-1.491324,-1.489124,0.389964,0.000024,0.011630
3.430000,-1.484424,0.430832,-1.484480,-1.485044,0.397834,0.000024,0.011643
3.440000,-1.480104,0.433106,-1.483259,-1.481597,0.395868,0.000024,0.011658
3.450000,-1.475761,0.435413,-1.486222,-1.479719,0.372855,0.000024,0.011672
3.460000,-1.471396,0.437753,-1.479513,-1.476845,0.367138,0.000024,0.011684
3.470000,-1.467006,0.440128,-1.443597,-1.465996,0.471285,0.000024,0.011695
3.480000,-1.462593,0.442537,-1.462095,-1.461480,0.472435,0.000024,0.011719
3.490000,-1.458155,0.444983,-1.438518,-1.452325,0.537022,0.000024,0.011741
3.500000,-1.453693,0.447465,-1.461974,-1.450606,0.489546,0.000024,0.011769
3.510000,-1.449206,0.449984,-1.433436,-1.442724,0.534297,0.000024,0.011790
3.520000,-1.444693,0.452542,-1.465121,-1.444137,0.444230,0.000024,0.011815
3.530000,-1.440155,0.455138,-1.420848,-1.435100,0.512302,0.000024,0.011828
3.540000,-1.435590,0.457775,-1.428763,-1.429681,0.519898,0.000024,0.011849
3.550000,-1.430999,0.460453,-1.412461,-1.421546,0.563863,0.000024,0.011870
3.560000,-1.426381,0.463173,-1.407069,-1.413748,0.596435,0.000024,0.011895
3.570000,-1.421735,0.465936,-1.402421,-1.406472,0.616833,0.000024,0.011923
3.580000,-1.417062,0.468743,-1.430045,-1.407586,0.517887,0.000024,0.011952
3.590000,-1.412360,0.471594,-1.425665,-1.408108,0.442724,0.000025,0.011968
3.600000,-1.407630,0.474492,-1.407134,-1.404528,0.436365,0.000025,0.011976
3.610000,-1.402870,0.477437,-1.411776,-1.403015,0.402368,0.000025,0.011985
3.620000,-1.398081,0.480431,-1.399977,-1.399234,0.405263,0.000025,0.011992
3.630000,-1.393262,0.483474,-1.383242,-1.392247,0.452252,0.000025,0.012002
3.640000,-1.388411,0.486567,-1.386109,-1.387327,0.463224,0.000025,0.012018
3.650000,-1.383530,0.489713,-1.405297,-1.388254,0.391223,0.000025,0.012036
3.660000,-1.378617,0.492912,-1.367389,-1.380170,0.455923,0.000025,0.012046
3.670000,-1.373672,0.496166,-1.365525,-1.373128,0.496082,0.000025,0.012064
3.680000,-1.368693,0.499476,-1.372049,-1.369123,0.487710,0.000025,0.012086
3.690000,-1.363682,0.502843,-1.356234,-1.362271,0.520465,0.000025,0.012106
3.700000,-1.358636,0.506269,-1.362800,-1.358481,0.505424,0.000025,0.012129
3.710000,-1.353556,0.509756,-1.330188,-1.347690,0.590772,0.000025,0.012149
3.720000,-1.348441,0.513305,-1.342926,-1.342065,0.590660,0.000025,0.012177
3.730000,-1.343290,0.516917,-1.340394,-1.337206,0.579930,0.000025,0.012204
3.740000,-1.338102,0.520595,-1.322788,-1.329273,0.614166,0.000025,0.012227
3.750000,-1.332878,0.524340,-1.339403,-1.327163,0.561303,0.000025,0.012253
3.760000,-1.327615,0.528154,-1.308900,-1.318413,0.610253,0.000025,0.012273
3.770000,-1.322314,0.532038,-1.302931,-1.309982,0.647293,0.000025,0.012297
3.780000,-1.316974,0.535996,-1.307070,-1.304394,0.638643,0.000025,0.012324
3.790000,-1.311594,0.540028,-1.311623,-1.301393,0.594839,0.000025,0.012349
3.800000,-1.306173,0.544136,-1.293701,-1.295011,0.605768,0.000025,0.012369
3.810000,-1.300711,0.548324,-1.300804,-1.291905,0.568675,0.000025,0.012389
3.820000,-1.295207,0.552593,-1.299804,-1.289606,0.525944,0.000025,0.012407
3.830000,-1.289659,0.556945,-1.275878,-1.282233,0.561878,0.000025,0.012420
3.840000,-1.284067,0.561383,-1.275908,-1.276438,0.569985,0.000025,0.012438
3.850000,-1.278431,0.565909,-1.282911,-1.273780,0.532347,0.000025,0.012458
3.860000,-1.272749,0.570526,-1.272942,-1.269578,0.522516,0.000025,0.012474
3.870000,-1.267020,0.575236,-1.271367,-1.266108,0.503846,0.000025,0.012489
3.880000,-1.261244,0.580042,-1.261632,-1.261210,0.508441,0.000025,0.012504
3.890000,-1.255419,0.584948,-1.269036,-1.259359,0.468957,0.000025,0.012520
3.900000,-1.249544,0.589955,-1.239639,-1.250903,0.529807,0.000025,0.012532
3.910000,-1.243619,0.595067,-1.230722,-1.241873,0.589635,0.000025,0.012551
3.920000,-1.237643,0.600288,-1.245244,-1.238302,0.562432,0.000025,0.012576
3.930000,-1.231613,0.605619,-1.218939,-1.229229,0.618206,0.000025,0.012598
3.940000,-1.225530,0.611066,-1.205733,-1.218697,0.686552,0.000025,0.012624
3.950000,-1.219392,0.616631,-1.224544,-1.215028,0.646191,0.000025,0.012655
3.960000,-1.213197,0.622318,-1.203024,-1.207171,0.672257,0.000025,0.012681
3.970000,-1.206945,0.628131,-1.190801,-1.198018,0.713193,0.000025,0.012707
3.980000,-1.200634,0.634073,-1.204099,-1.194218,0.670936,0.000025,0.012736
3.990000,-1.194263,0.640150,-1.193720,-1.189076,0.654541,0.000025,0.012760
4.000000,-1.187830,0.646365,-1.191992,-1.184921,0.626486,0.000025,0.012781
4.010000,-1.181335,0.652722,-1.187621,-1.180923,0.600502,0.000025,0.012799
4.020000,-1.174775,0.659227,-1.180515,-1.176334,0.587092,0.000025,0.012815
4.030000,-1.168150,0.665884,-1.168419,-1.169946,0.601864,0.000025,0.012831
4.040000,-1.161457,0.672699,-1.149945,-1.160384,0.660495,0.000025,0.012849
4.050000,-1.154695,0.679676,-1.161394,-1.155710,0.639520,0.000025,0.012873
4.060000,-1.147863,0.686820,-1.131658,-1.144834,0.711877,0.000025,0.012894
4.070000,-1.140958,0.694139,-1.133020,-1.136523,0.736263,0.000025,0.012923
4.080000,-1.133980,0.701637,-1.143102,-1.132704,0.691734,0.000025,0.012952
4.090000,-1.126925,0.709320,-1.131320,-1.127194,0.678633,0.000025,0.012976
4.100000,-1.119793,0.717196,-1.116177,-1.119330,0.701972,0.000025,0.012998
4.110000,-1.112580,0.725270,-1.111079,-1.111997,0.714218,0.000025,0.013021
4.120000,-1.105286,0.733550,-1.121031,-1.108980,0.661614,0.000026,0.013045
4.130000,-1.097909,0.742044,-1.106496,-1.103418,0.654233,0.000026,0.013064
4.140000,-1.090445,0.750758,-1.101084,-1.097951,0.646683,0.000026,0.013083
4.150000,-1.082893,0.759701,-1.081268,-1.088873,0.693320,0.000026,0.013101
4.160000,-1.075250,0.768880,-1.075228,-1.080223,0.726858,0.000026,0.013124
4.170000,-1.067514,0.778305,-1.063098,-1.070432,0.772338,0.000026,0.013149
4.180000,-1.059683,0.787985,-1.056882,-1.061216,0.802777,0.000026,0.013178
4.190000,-1.051754,0.797929,-1.041852,-1.050282,0.854227,0.000026,0.013209
4.200000,-1.043723,0.808147,-1.049564,-1.043747,0.833332,0.000026,0.013242
4.210000,-1.035590,0.818649,-1.035266,-1.035376,0.842856,0.000026,0.013271
4.220000,-1.027349,0.829446,-1.021421,-1.025527,0.873055,0.000026,0.013300
4.230000,-1.019000,0.840550,-1.015558,-1.016477,0.887148,0.000026,0.013330
4.240000,-1.010537,0.851972,-1.018460,-1.010402,0.855205,0.000026,0.013359
4.250000,-1.001959,0.863724,-1.004778,-1.002605,0.853740,0.000026,0.013385
4.260000,-0.993262,0.875820,-0.998529,-0.995220,0.846549,0.000026,0.013411
4.270000,-0.984442,0.888273,-0.987405,-0.986922,0.854171,0.000026,0.013435
4.280000,-0.975495,0.901097,-0.967067,-0.975455,0.908145,0.000026,0.013460
4.290000,-0.966418,0.914307,-0.972914,-0.968066,0.893506,0.000026,0.013489
4.300000,-0.957207,0.927919,-0.955040,-0.958071,0.920176,0.000026,0.013516
4.310000,-0.947858,0.941949,-0.951738,-0.949613,0.920143,0.000026,0.013545
4.320000,-0.938367,0.956414,-0.945015,-0.941607,0.913550,0.000026,0.013572
4.330000,-0.928729,0.971332,-0.951408,-0.937390,0.851214,0.000026,0.013599
4.340000,-0.918939,0.986721,-0.934040,-0.930220,0.842503,0.000026,0.013621
4.350000,-0.908993,1.002602,-0.898193,-0.915654,0.946433,0.000026,0.013642
4.360000,-0.898885,1.018995,-0.907109,-0.906429,0.955056,0.000026,0.013671
4.370000,-0.888611,1.035922,-0.879582,-0.892370,1.035498,0.000026,0.013700
4.380000,-0.878165,1.053405,-0.884219,-0.882590,1.039972,0.000026,0.013735
4.390000,-0.867541,1.071469,-0.862074,-0.869549,1.093353,0.000026,0.013768
4.400000,-0.856733,1.090138,-0.860511,-0.859111,1.099893,0.000026,0.013803
4.410000,-0.845736,1.109439,-0.815956,-0.839699,1.241887,0.000026,0.013836
4.420000,-0.834542,1.129399,-0.830208,-0.828047,1.245966,0.000026,0.013878
4.430000,-0.823146,1.150047,-0.819604,-0.816641,1.246054,0.000026,0.013917
4.440000,-0.811539,1.171413,-0.821195,-0.808647,1.194401,0.000026,0.013954
4.450000,-0.799715,1.193530,-0.790490,-0.795070,1.235709,0.000026,0.013984
4.460000,-0.787666,1.216431,-0.801559,-0.787672,1.176919,0.000026,0.014017
4.470000,-0.775383,1.240151,-0.789907,-0.779592,1.137264,0.000026,0.014044
4.480000,-0.762860,1.264726,-0.763375,-0.766942,1.173568,0.000026,0.014069
4.490000,-0.750086,1.290195,-0.740948,-0.751443,1.248641,0.000026,0.014096
4.500000,-0.737053,1.316599,-0.733171,-0.737428,1.290514,0.000026,0.014127
4.510000,-0.723751,1.343981,-0.721770,-0.723795,1.320868,0.000026,0.014161
4.520000,-0.710170,1.372384,-0.706135,-0.709408,1.358844,0.000026,0.014195
4.530000,-0.696299,1.401855,-0.706406,-0.698624,1.336188,0.000026,0.014230
4.540000,-0.682129,1.432443,-0.695459,-0.687966,1.315097,0.000027,0.014262
4.550000,-0.667647,1.464199,-0.662776,-0.671619,1.385266,0.000027,0.014292
4.560000,-0.652841,1.497176,-0.635155,-0.651759,1.500241,0.000027,0.014324
4.570000,-0.637699,1.531431,-0.646341,-0.639305,1.484490,0.000027,0.014362
4.580000,-0.622208,1.567021,-0.617591,-0.622632,1.536856,0.000027,0.014396
4.590000,-0.606354,1.604006,-0.609139,-0.607763,1.554136,0.000027,0.014432
4.600000,-0.590123,1.642451,-0.594321,-0.592782,1.571099,0.000027,0.014466
4.610000,-0.573500,1.682420,-0.560037,-0.572522,1.668375,0.000027,0.014499
4.620000,-0.556469,1.723982,-0.561650,-0.557392,1.672266,0.000027,0.014535
4.630000,-0.539014,1.767208,-0.538907,-0.540198,1.708279,0.000027,0.014569
4.640000,-0.521119,1.812170,-0.517159,-0.521519,1.762873,0.000027,0.014603
4.650000,-0.502765,1.858943,-0.485845,-0.499052,1.869664,0.000027,0.014637
4.660000,-0.483934,1.907606,-0.493883,-0.483986,1.845704,0.000027,0.014673
4.670000,-0.464606,1.958236,-0.457164,-0.463282,1.914167,0.000027,0.014706
4.680000,-0.444762,2.010915,-0.452909,-0.446498,1.911732,0.000027,0.014740
4.690000,-0.424381,2.065726,-0.413258,-0.423579,2.006764,0.000027,0.014771
4.700000,-0.403440,2.122750,-0.399827,-0.402518,2.059613,0.000027,0.014803
4.710000,-0.381918,2.182071,-0.394277,-0.385255,2.045495,0.000027,0.014835
4.720000,-0.359791,2.243771,-0.365299,-0.364934,2.082059,0.000027,0.014864
4.730000,-0.337034,2.307931,-0.343957,-0.344071,2.122480,0.000027,0.014892
4.740000,-0.313624,2.374632,-0.321063,-0.322364,2.170997,0.000027,0.014919
4.750000,-0.289533,2.443947,-0.291818,-0.298263,2.251082,0.000027,0.014946
4.760000,-0.264736,2.515947,-0.279833,-0.276857,2.277530,0.000027,0.014972
4.770000,-0.239205,2.590698,-0.249694,-0.252892,2.341266,0.000027,0.014997
4.780000,-0.212912,2.668253,-0.202035,-0.222035,2.506055,0.000027,0.015021
4.790000,-0.185830,2.748658,-0.192106,-0.195653,2.576968,0.000027,0.015045
4.800000,-0.157930,2.831945,-0.145994,-0.163394,2.731870,0.000027,0.015067
4.810000,-0.129182,2.918130,-0.136996,-0.136326,2.782696,0.000027,0.015088
4.820000,-0.099557,3.007207,-0.095305,-0.104911,2.895909,0.000027,0.015106
4.830000,-0.069028,3.099150,-0.066893,-0.073487,2.993568,0.000027,0.015122
4.840000,-0.037565,3.193903,-0.048383,-0.044867,3.032857,0.000027,0.015135
4.850000,-0.005141,3.291380,0.010869,-0.007619,3.204282,0.000027,0.015144
4.860000,0.028271,3.391456,0.031723,0.026413,3.300174,0.000027,0.015150
4.870000,0.062697,3.493963,0.088485,0.067335,3.492250,0.000027,0.015152
4.880000,0.098158,3.598684,0.096444,0.100674,3.535839,0.000027,0.015148
4.890000,0.134677,3.705347,0.126354,0.133395,3.562804,0.000027,0.015141
4.900000,0.172270,3.813617,0.177765,0.171405,3.669376,0.000027,0.015129
4.910000,0.210953,3.923092,0.227279,0.213323,3.821974,0.000027,0.015113
4.920000,0.250735,4.033292,0.245835,0.249989,3.868119,0.000027,0.015089
4.930000,0.291620,4.143657,0.285037,0.287681,3.922467,0.000027,0.015061
4.940000,0.333606,4.253539,0.330944,0.328004,4.008916,0.000027,0.015028
4.950000,0.376686,4.362197,0.390421,0.374159,4.172951,0.000027,0.014988
4.960000,0.420843,4.468798,0.415070,0.415666,4.237482,0.000027,0.014939
4.970000,0.466052,4.572411,0.468283,0.460817,4.347007,0.000027,0.014883
4.980000,0.512278,4.672012,0.530430,0.511361,4.521575,0.000027,0.014820
4.990000,0.559475,4.766488,0.557043,0.556703,4.585197,0.000027,0.014744
5.000000,0.607587,4.854645,0.592523,0.599850,4.600926,0.000027,0.014661
5.010000,0.656543,4.935226,0.666189,0.651328,4.738313,0.000027,0.014575
5.020000,0.706262,5.006920,0.692825,0.697132,4.762073,0.000027,0.014476
5.030000,0.756647,5.068395,0.737429,0.742793,4.774083,0.000027,0.014372
5.040000,0.807591,5.118320,0.809732,0.795654,4.887302,0.000027,0.014263
5.050000,0.858971,5.155398,0.853278,0.846854,4.950345,0.000027,0.014141
5.060000,0.910652,5.178407,0.922694,0.903333,5.074553,0.000026,0.014009
5.070000,0.962489,5.186236,0.953210,0.953849,5.080763,0.000026,0.013862
5.080000,1.014323,5.177925,1.010418,1.006170,5.102723,0.000026,0.013711
5.090000,1.065991,5.152709,1.080162,1.063201,5.179322,0.000026,0.013552
5.100000,1.117319,5.110054,1.107518,1.113050,5.126938,0.000026,0.013381
5.110000,1.168133,5.049688,1.178388,1.167959,5.143623,0.000026,0.013210
5.120000,1.218254,4.971627,1.218225,1.219094,5.090180,0.000026,0.013030
5.130000,1.267507,4.876189,1.264319,1.268544,5.008019,0.000026,0.012848
5.140000,1.315722,4.764000,1.317074,1.318231,4.928800,0.000025,0.012667
5.150000,1.362734,4.635983,1.363107,1.366405,4.827500,0.000025,0.012485
5.160000,1.408393,4.493344,1.418744,1.415699,4.744023,0.000025,0.012303
5.170000,1.452557,4.337532,1.436411,1.456484,4.544561,0.000025,0.012119
5.180000,1.495105,4.170205,1.490974,1.499221,4.391775,0.000025,0.011946
5.190000,1.535929,3.993178,1.531027,1.540165,4.227722,0.000025,0.011776
5.200000,1.574943,3.808371,1.576186,1.580917,4.076234,0.000024,0.011611
5.210000,1.612077,3.617753,1.602993,1.617155,3.879251,0.000024,0.011449
5.220000,1.647285,3.423288,1.637243,1.651449,3.679673,0.000024,0.011294
5.230000,1.680536,3.226883,1.683576,1.687130,3.521736,0.000024,0.011148
5.240000,1.711822,3.030348,1.703958,1.717982,3.319353,0.000024,0.011004
5.250000,1.741149,2.835356,1.754336,1.751921,3.181994,0.000024,0.010868
5.260000,1.768539,2.643416,1.773174,1.781264,3.001783,0.000023,0.010733
5.270000,1.794031,2.455852,1.810428,1.811083,2.851027,0.000023,0.010604
5.280000,1.817675,2.273797,1.809302,1.832577,2.616379,0.000023,0.010479
5.290000,1.839529,2.098185,1.849987,1.856724,2.449919,0.000023,0.010370
5.300000,1.859662,1.929757,1.846604,1.873293,2.214770,0.000023,0.010267
5.310000,1.878150,1.769069,1.871825,1.890059,2.019567,0.000023,0.010179
5.320000,1.895071,1.616509,1.899569,1.907831,1.867441,0.000023,0.010101
5.330000,1.910508,1.472310,1.904121,1.921449,1.688829,0.000023,0.010027
5.340000,1.924545,1.336568,1.925225,1.935387,1.543218,0.000023,0.009962
5.350000,1.937267,1.209262,1.938291,1.948010,1.405431,0.000022,0.009901
5.360000,1.948758,1.090273,1.930660,1.955045,1.223447,0.000022,0.009845
5.370000,1.959100,0.979400,1.971018,1.968113,1.144768,0.000022,0.009801
5.380000,1.968372,0.876381,1.956388,1.974408,0.997886,0.000022,0.009754
5.390000,1.976653,0.780899,1.961373,1.979282,0.859522,0.000022,0.009717
5.400000,1.984014,0.692608,2.006981,1.992107,0.839853,0.000022,0.009687
5.410000,1.990527,0.611133,1.994286,1.999131,0.753730,0.000022,0.009649
5.420000,1.996258,0.536087,2.008421,2.007055,0.693132,0.000022,0.009614
5.430000,2.001269,0.467077,1.999409,2.010774,0.593051,0.000022,0.009581
5.440000,2.005619,0.403710,2.005365,2.014210,0.507335,0.000022,0.009555
5.450000,2.009361,0.345602,2.003528,2.015822,0.415261,0.000022,0.009534
5.460000,2.012547,0.292376,2.003895,2.016446,0.327962,0.000022,0.009520
5.470000,2.015224,0.243672,2.002683,2.015989,0.243520,0.000022,0.009511
5.480000,2.017434,0.199144,2.017146,2.018144,0.205105,0.000022,0.009507
5.490000,2.019219,0.158465,2.024761,2.021195,0.184126,0.000022,0.009502
5.500000,2.020615,0.121325,2.035630,2.025794,0.185152,0.000022,0.009495
5.510000,2.021657,0.087435,2.013914,2.024639,0.117837,0.000022,0.009483
5.520000,2.022374,0.056523,2.027816,2.026255,0.095435,0.000022,0.009477
5.530000,2.022796,0.028337,2.017223,2.025024,0.043389,0.000022,0.009471
5.540000,2.022949,0.002644,2.019446,2.024143,0.004872,0.000022,0.009469
5.550000,2.022857,-0.020773,2.010184,2.021128,-0.051946,0.000022,0.009470
5.560000,2.022541,-0.042114,2.013073,2.018960,-0.088493,0.000022,0.009476
5.570000,2.022021,-0.061563,2.025849,2.019776,-0.083097,0.000022,0.009484
5.580000,2.021315,-0.079288,2.019581,2.019084,-0.096548,0.000022,0.009487
5.590000,2.020440,-0.095444,2.019303,2.018378,-0.107741,0.000022,0.009490
5.600000,2.019411,-0.110173,2.013310,2.016427,-0.131697,0.000022,0.009494
5.610000,2.018241,-0.123604,2.006414,2.013205,-0.166431,0.000022,0.009498
5.620000,2.016943,-0.135856,2.019646,2.013317,-0.155308,0.000022,0.009507
5.630000,2.015527,-0.147036,2.028372,2.015404,-0.122676,0.000022,0.009512
5.640000,2.014005,-0.157243,2.015930,2.014561,-0.130766,0.000022,0.009511
5.650000,2.012385,-0.166567,2.024420,2.015703,-0.113804,0.000022,0.009512
5.660000,2.010677,-0.175088,2.010724,2.013722,-0.137029,0.000022,0.009510
5.670000,2.008886,-0.182881,2.023544,2.014807,-0.119614,0.000022,0.009512
5.680000,2.007021,-0.190013,2.004152,2.011536,-0.157142,0.000022,0.009511
5.690000,2.005088,-0.196546,2.015540,2.011188,-0.153152,0.000022,0.009516
5.700000,2.003092,-0.202534,2.003796,2.008370,-0.179259,0.000022,0.009520
5.710000,2.001039,-0.208029,2.011596,2.007679,-0.175373,0.000022,0.009527
5.720000,1.998933,-0.213076,2.000666,2.004771,-0.198596,0.000022,0.009533
5.730000,1.996779,-0.217718,2.011768,2.004757,-0.183155,0.000022,0.009541
5.740000,1.994580,-0.221990,1.974408,1.996662,-0.266882,0.000022,0.009546
5.750000,1.992340,-0.225928,1.988073,1.992692,-0.286467,0.000022,0.009562
5.760000,1.990062,-0.229564,1.980471,1.987771,-0.314003,0.000022,0.009579
5.770000,1.987750,-0.232924,1.988235,1.985423,-0.305865,0.000022,0.009598
5.780000,1.985405,-0.236034,1.990264,1.984104,-0.286871,0.000022,0.009614
5.790000,1.983030,-0.238918,1.983970,1.981838,-0.282644,0.000022,0.009625
5.800000,1.980627,-0.241597,1.984604,1.980245,-0.271106,0.000022,0.009636
5.810000,1.978198,-0.244090,1.967627,1.975347,-0.301389,0.000022,0.009644
5.820000,1.975746,-0.246413,1.982196,1.974511,-0.277447,0.000022,0.009657
5.830000,1.973271,-0.248584,1.968543,1.971031,-0.289631,0.000022,0.009666
5.840000,1.970774,-0.250615,1.983766,1.971591,-0.250984,0.000022,0.009676
5.850000,1.968259,-0.252521,1.967877,1.968815,-0.259442,0.000022,0.009682
5.860000,1.965724,-0.254312,1.962165,1.965323,-0.275055,0.000022,0.009690
5.870000,1.963173,-0.255999,1.964998,1.963109,-0.272497,0.000022,0.009700
5.880000,1.960605,-0.257593,1.941127,1.956118,-0.328139,0.000022,0.009710
5.890000,1.958021,-0.259101,1.961286,1.954709,-0.306515,0.000022,0.009727
5.900000,1.955423,-0.260533,1.949372,1.951140,-0.314891,0.000022,0.009740
5.910000,1.952811,-0.261894,1.935936,1.945316,-0.349181,0.000022,0.009754
5.920000,1.950185,-0.263192,1.969530,1.947978,-0.274505,0.000022,0.009773
5.930000,1.947547,-0.264433,1.944537,1.945078,-0.280541,0.000022,0.009779
5.940000,1.944897,-0.265622,1.942056,1.942224,-0.284981,0.000022,0.009788
5.950000,1.942235,-0.266765,1.951024,1.941967,-0.257103,0.000022,0.009797
5.960000,1.939562,-0.267865,1.927452,1.936736,-0.294638,0.000022,0.009803
5.970000,1.936878,-0.268926,1.931322,1.933240,-0.304507,0.000022,0.009814
5.980000,1.934183,-0.269954,1.948550,1.934286,-0.257352,0.000022,0.009827
5.990000,1.931479,-0.270950,1.940609,1.933697,-0.238429,0.000022,0.009834
6.000000,1.928764,-0.271919,1.917875,1.928314,-0.281267,0.000022,0.009838
6.010000,1.926040,-0.272862,1.930748,1.926673,-0.270995,0.000022,0.009850
6.020000,1.923307,-0.273783,1.913727,1.921677,-0.303481,0.000022,0.009859
6.030000,1.920565,-0.274684,1.924309,1.919908,-0.290905,0.000022,0.009873
6.040000,1.917813,-0.275567,1.926850,1.919201,-0.267570,0.000022,0.009885
6.050000,1.915053,-0.276434,1.916446,1.916508,-0.272641,0.000022,0.009893
6.060000,1.912285,-0.277287,1.909516,1.912827,-0.288938,0.000022,0.009903
6.070000,1.909508,-0.278127,1.927938,1.913967,-0.243341,0.000022,0.009914
6.080000,1.906722,-0.278956,1.905550,1.910193,-0.265969,0.000022,0.009919
6.090000,1.903929,-0.279776,1.905738,1.907131,-0.275938,0.000022,0.009928
6.100000,1.901127,-0.280587,1.893450,1.901923,-0.310527,0.000022,0.009938
6.110000,1.898317,-0.281391,1.896983,1.898406,-0.318368,0.000022,0.009953
6.120000,1.895499,-0.282189,1.892780,1.894674,-0.327536,0.000022,0.009968
6.130000,1.892673,-0.282982,1.890973,1.891303,-0.330716,0.000022,0.009984
6.140000,1.889839,-0.283770,1.881005,1.886425,-0.351975,0.000022,0.009999
6.150000,1.886997,-0.284555,1.867005,1.879329,-0.396992,0.000022,0.010016
6.160000,1.884148,-0.285338,1.886906,1.877958,-0.363566,0.000023,0.010038
6.170000,1.881291,-0.286118,1.899892,1.880083,-0.292677,0.000023,0.010055
6.180000,1.878426,-0.286897,1.866031,1.874648,-0.327726,0.000023,0.010061
6.190000,1.875553,-0.287676,1.867877,1.870582,-0.339783,0.000023,0.010072
6.200000,1.872672,-0.288454,1.878176,1.869666,-0.310744,0.000023,0.010086
6.210000,1.869783,-0.289233,1.881783,1.869998,-0.271261,0.000023,0.010095
6.220000,1.866887,-0.290012,1.868487,1.867557,-0.273064,0.000023,0.010100
6.230000,1.863983,-0.290793,1.877185,1.867622,-0.243472,0.000023,0.010107
6.240000,1.861071,-0.291575,1.859526,1.863906,-0.265957,0.000023,0.010110
6.250000,1.858152,-0.292359,1.849755,1.858646,-0.303762,0.000023,0.010118
6.260000,1.855224,-0.293146,1.862115,1.857081,-0.289142,0.000023,0.010132
6.270000,1.852289,-0.293936,1.841587,1.851335,-0.329088,0.000023,0.010143
6.280000,1.849345,-0.294728,1.843652,1.847049,-0.344044,0.000023,0.010159
6.290000,1.846394,-0.295524,1.834970,1.841650,-0.370372,0.000023,0.010177
6.300000,1.843435,-0.296324,1.860955,1.843167,-0.305874,0.000023,0.010197
6.310000,1.840467,-0.297127,1.841061,1.840324,-0.306956,0.000023,0.010207
6.320000,1.837492,-0.297935,1.837177,1.837237,-0.310947,0.000023,0.010217
6.330000,1.834509,-0.298747,1.833419,1.833967,-0.316586,0.000023,0.010227
6.340000,1.831517,-0.299563,1.835888,1.831958,-0.305484,0.000023,0.010239
6.350000,1.828517,-0.300385,1.847047,1.833034,-0.257657,0.000023,0.010249
6.360000,1.825509,-0.301211,1.807899,1.825319,-0.328257,0.000023,0.010254
6.370000,1.822493,-0.302043,1.818653,1.821265,-0.340898,0.000023,0.010268
6.380000,1.819468,-0.302880,1.820749,1.818516,-0.335049,0.000023,0.010284
6.390000,1.816435,-0.303723,1.827802,1.818048,-0.301545,0.000023,0.010299
6.400000,1.813394,-0.304571,1.807856,1.813395,-0.326456,0.000023,0.010309
6.410000,1.810344,-0.305425,1.821184,1.812655,-0.297873,0.000023,0.010322
6.420000,1.807285,-0.306286,1.828787,1.814044,-0.247369,0.000023,0.010331
6.430000,1.804218,-0.307153,1.806103,1.810320,-0.269950,0.000023,0.010334
6.440000,1.801142,-0.308026,1.796577,1.805094,-0.307624,0.000023,0.010341
6.450000,1.798057,-0.308905,1.809001,1.803616,-0.291641,0.000023,0.010354
6.460000,1.794964,-0.309792,1.781806,1.796374,-0.351163,0.000023,0.010365
6.470000,1.791861,-0.310685,1.801460,1.794832,-0.328611,0.000023,0.010383
6.480000,1.788750,-0.311586,1.777736,1.788380,-0.372029,0.000023,0.010397
6.490000,1.785630,-0.312493,1.786967,1.785189,-0.366871,0.000023,0.010416
6.500000,1.782500,-0.313408,1.790745,1.783638,-0.341839,0.000023,0.010434
6.510000,1.779361,-0.314330,1.761236,1.775859,-0.400150,0.000023,0.010447
6.520000,1.776213,-0.315260,1.775760,1.772754,-0.389286,0.000023,0.010467
6.530000,1.773056,-0.316197,1.774899,1.770250,-0.372667,0.000023,0.010485
6.540000,1.769889,-0.317143,1.747722,1.762195,-0.429658,0.000023,0.010500
6.550000,1.766713,-0.318096,1.775160,1.761876,-0.378440,0.000023,0.010522
6.560000,1.763527,-0.319058,1.743999,1.754841,-0.421675,0.000023,0.010536
6.570000,1.760332,-0.320028,1.761232,1.753073,-0.390387,0.000023,0.010555
6.580000,1.757127,-0.321006,1.763951,1.752584,-0.348028,0.000023,0.010570
6.590000,1.753912,-0.321993,1.738442,1.746639,-0.382729,0.000023,0.010580
6.600000,1.750687,-0.322989,1.752826,1.745129,-0.354813,0.000023,0.010595
6.610000,1.747452,-0.323993,1.732193,1.739407,-0.385651,0.000023,0.010606
6.620000,1.744207,-0.325007,1.723742,1.732815,-0.422568,0.000023,0.010622
6.630000,1.740951,-0.326030,1.754699,1.734642,-0.345164,0.000023,0.010643
6.640000,1.737686,-0.327062,1.735186,1.732118,-0.336737,0.000023,0.010653
6.650000,1.734410,-0.328103,1.748572,1.733352,-0.281381,0.000023,0.010662
6.660000,1.731124,-0.329154,1.736751,1.731981,-0.268881,0.000023,0.010666
6.670000,1.727827,-0.330215,1.715291,1.726039,-0.317341,0.000023,0.010670
6.680000,1.724519,-0.331286,1.723096,1.722919,-0.321370,0.000023,0.010681
6.690000,1.721201,-0.332367,1.695926,1.714175,-0.397229,0.000023,0.010693
6.700000,1.717872,-0.333458,1.718099,1.712040,-0.375281,0.000023,0.010715
6.710000,1.714532,-0.334560,1.717982,1.710544,-0.348766,0.000023,0.010733
6.720000,1.711181,-0.335672,1.710914,1.707955,-0.340834,0.000023,0.010747
6.730000,1.707818,-0.336795,1.699522,1.703375,-0.360027,0.000023,0.010759
6.740000,1.704445,-0.337929,1.718139,1.704058,-0.307894,0.000023,0.010774
6.750000,1.701060,-0.339074,1.697875,1.700255,-0.322623,0.000023,0.010781
6.760000,1.697663,-0.340230,1.702569,1.698323,-0.310666,0.000023,0.010792
6.770000,1.694255,-0.341398,1.697472,1.695743,-0.309121,0.000023,0.010801
6.780000,1.690835,-0.342577,1.695911,1.693414,-0.304614,0.000023,0.010810
6.790000,1.687403,-0.343768,1.691891,1.690724,-0.305562,0.000023,0.010820
6.800000,1.683959,-0.344972,1.680444,1.685978,-0.333098,0.000023,0.010830
6.810000,1.680504,-0.346187,1.686203,1.683479,-0.326878,0.000023,0.010844
6.820000,1.677036,-0.347415,1.669553,1.677715,-0.364230,0.000023,0.010856
6.830000,1.673555,-0.348656,1.686435,1.676969,-0.330060,0.000023,0.010874
6.840000,1.670062,-0.349909,1.673656,1.673666,-0.334924,0.000023,0.010886
6.850000,1.666557,-0.351176,1.666526,1.669427,-0.351221,0.000023,0.010898
6.860000,1.663039,-0.352456,1.658353,1.664140,-0.378568,0.000023,0.010913
6.870000,1.659508,-0.353749,1.674625,1.663706,-0.338001,0.000023,0.010930
6.880000,1.655964,-0.355056,1.666983,1.661891,-0.322234,0.000024,0.010941
6.890000,1.652407,-0.356377,1.660966,1.659208,-0.320445,0.000024,0.010951
6.900000,1.648836,-0.357713,1.638997,1.652002,-0.378247,0.000024,0.010961
6.910000,1.645252,-0.359062,1.641541,1.646647,-0.402327,0.000024,0.010978
6.920000,1.641655,-0.360427,1.642558,1.642608,-0.405248,0.000024,0.010998
6.930000,1.638044,-0.361806,1.651623,1.641636,-0.367433,0.000024,0.011017
6.940000,1.634419,-0.363201,1.617712,1.633185,-0.434268,0.000024,0.011030
6.950000,1.630779,-0.364611,1.638254,1.631064,-0.406866,0.000024,0.011051
6.960000,1.627126,-0.366037,1.639689,1.629994,-0.370132,0.000024,0.011068
6.970000,1.623459,-0.367478,1.627156,1.626497,-0.371493,0.000024,0.011080
6.980000,1.619777,-0.368936,1.632686,1.625125,-0.344606,0.000024,0.011092
6.990000,1.616080,-0.370411,1.622857,1.621958,-0.345881,0.000024,0.011102
7.000000,1.612368,-0.371903,1.619787,1.618804,-0.346807,0.000024,0.011112
7.010000,1.608642,-0.373411,1.598893,1.611439,-0.403318,0.000024,0.011123
7.020000,1.604900,-0.374938,1.608091,1.607568,-0.404421,0.000024,0.011141
7.030000,1.601143,-0.376482,1.599850,1.602652,-0.419258,0.000024,0.011159
7.040000,1.597370,-0.378044,1.596907,1.598091,-0.427045,0.000024,0.011179
7.050000,1.593582,-0.379625,1.583165,1.591289,-0.463416,0.000024,0.011198
7.060000,1.589778,-0.381224,1.585842,1.586462,-0.467719,0.000024,0.011221
7.070000,1.585957,-0.382843,1.586593,1.582929,-0.454166,0.000024,0.011243
7.080000,1.582121,-0.384481,1.584894,1.579937,-0.435661,0.000024,0.011262
7.090000,1.578267,-0.386139,1.585354,1.577910,-0.407329,0.000024,0.011278
7.100000,1.574398,-0.387817,1.576409,1.574450,-0.402792,0.000024,0.011291
7.110000,1.570511,-0.389516,1.575875,1.571724,-0.389237,0.000024,0.011303
7.120000,1.566607,-0.391236,1.581834,1.571177,-0.348774,0.000024,0.011315
7.130000,1.562686,-0.392977,1.558187,1.565418,-0.384658,0.000024,0.011323
7.140000,1.558748,-0.394741,1.556545,1.560369,-0.405271,0.000024,0.011336
7.150000,1.554791,-0.396526,1.537309,1.551768,-0.470223,0.000024,0.011352
7.160000,1.550817,-0.398334,1.552599,1.548391,-0.454738,0.000024,0.011376
7.170000,1.546824,-0.400165,1.556415,1.546855,-0.417051,0.000024,0.011397
7.180000,1.542813,-0.402020,1.546934,1.543703,-0.407217,0.000024,0.011412
7.190000,1.538784,-0.403899,1.539690,1.539645,-0.411222,0.000024,0.011426
7.200000,1.534735,-0.405803,1.541234,1.536902,-0.396924,0.000024,0.011441
7.210000,1.530668,-0.407731,1.532289,1.532778,-0.403586,0.000024,0.011454
7.220000,1.526581,-0.409685,1.542595,1.532072,-0.363105,0.000024,0.011468
7.230000,1.522474,-0.411666,1.524959,1.527604,-0.379970,0.000024,0.011478
7.240000,1.518347,-0.413672,1.534506,1.526380,-0.350340,0.000024,0.011490
7.250000,1.514200,-0.415706,1.497870,1.516855,-0.437674,0.000024,0.011500
7.260000,1.510033,-0.417768,1.515640,1.513240,-0.431167,0.000024,0.011520
7.270000,1.505845,-0.419858,1.524573,1.512700,-0.384116,0.000024,0.011539
7.280000,1.501636,-0.421976,1.503477,1.507560,-0.406958,0.000024,0.011552
7.290000,1.497405,-0.424125,1.503217,1.503425,-0.412592,0.000024,0.011568
7.300000,1.493153,-0.426303,1.508569,1.501538,-0.386846,0.000024,0.011584
7.310000,1.488879,-0.428512,1.492760,1.496483,-0.408292,0.000024,0.011596
7.320000,1.484583,-0.430753,1.475869,1.488403,-0.467512,0.000024,0.011612
7.330000,1.480264,-0.433025,1.492495,1.485849,-0.442166,0.000024,0.011634
7.340000,1.475922,-0.435331,1.472139,1.479178,-0.477016,0.000024,0.011652
7.350000,1.471557,-0.437669,1.466166,1.472411,-0.507749,0.000024,0.011673
7.360000,1.467168,-0.440043,1.467333,1.467333,-0.510635,0.000024,0.011697
7.370000,1.462756,-0.442451,1.456180,1.460759,-0.533639,0.000024,0.011720
7.380000,1.458319,-0.444895,1.457075,1.455824,-0.530666,0.000024,0.011744
7.390000,1.453858,-0.447375,1.462755,1.453493,-0.492529,0.000024,0.011767
7.400000,1.449372,-0.449893,1.452209,1.449454,-0.483952,0.000024,0.011784
7.410000,1.444860,-0.452449,1.441986,1.443974,-0.496609,0.000024,0.011800
7.420000,1.440322,-0.455044,1.436887,1.438491,-0.507405,0.000024,0.011818
7.430000,1.435759,-0.457680,1.441709,1.435440,-0.483094,0.000024,0.011837
7.440000,1.431169,-0.460356,1.438261,1.432477,-0.461469,0.000024,0.011854
7.450000,1.426551,-0.463074,1.432120,1.428903,-0.451754,0.000024,0.011868
7.460000,1.421907,-0.465835,1.434678,1.426902,-0.421917,0.000024,0.011882
7.470000,1.417235,-0.468640,1.417135,1.421325,-0.446203,0.000024,0.011893
7.480000,1.412534,-0.471490,1.425624,1.419007,-0.421700,0.000024,0.011908
7.490000,1.407805,-0.474387,1.397333,1.410515,-0.486475,0.000024,0.011921
7.500000,1.403046,-0.477330,1.406288,1.405807,-0.488808,0.000025,0.011942
7.510000,1.398258,-0.480321,1.397509,1.400083,-0.504926,0.000025,0.011962
7.520000,1.393439,-0.483362,1.386830,1.393021,-0.537173,0.000025,0.011984
7.530000,1.388590,-0.486454,1.395567,1.389593,-0.514007,0.000025,0.012008
7.540000,1.383710,-0.489598,1.390217,1.385869,-0.498649,0.000025,0.012029
7.550000,1.378798,-0.492795,1.370883,1.378424,-0.537587,0.000025,0.012047
7.560000,1.373854,-0.496047,1.378409,1.374367,-0.523319,0.000025,0.012069
7.570000,1.368877,-0.499354,1.361992,1.367375,-0.552327,0.000025,0.012088
7.580000,1.363867,-0.502719,1.368337,1.363450,-0.534073,0.000025,0.012111
7.590000,1.358822,-0.506143,1.354419,1.357199,-0.551287,0.000025,0.012130
7.600000,1.353744,-0.509628,1.337721,1.348238,-0.603878,0.000025,0.012152
7.610000,1.348630,-0.513174,1.335503,1.340545,-0.630706,0.000025,0.012178
7.620000,1.343480,-0.516784,1.342775,1.336349,-0.604419,0.000025,0.012206
7.630000,1.338294,-0.520460,1.331402,1.330577,-0.604481,0.000025,0.012230
7.640000,1.333070,-0.524202,1.350291,1.330915,-0.518621,0.000025,0.012253
7.650000,1.327809,-0.528013,1.315074,1.323086,-0.561174,0.000025,0.012266
7.660000,1.322510,-0.531895,1.311246,1.315928,-0.587797,0.000025,0.012285
7.670000,1.317171,-0.535850,1.325566,1.313904,-0.537969,0.000025,0.012307
7.680000,1.311793,-0.539879,1.303844,1.307361,-0.559749,0.000025,0.012324
7.690000,1.306373,-0.543985,1.306676,1.302986,-0.547622,0.000025,0.012343
7.700000,1.300913,-0.548170,1.305662,1.299539,-0.524306,0.000025,0.012361
7.710000,1.295410,-0.552435,1.289137,1.293011,-0.548298,0.000025,0.012377
7.720000,1.289864,-0.556784,1.296312,1.289718,-0.522838,0.000025,0.012397
7.730000,1.284274,-0.561219,1.291810,1.286315,-0.502912,0.000025,0.012413
7.740000,1.278639,-0.565742,1.281642,1.281375,-0.507947,0.000025,0.012428
7.750000,1.272958,-0.570355,1.274633,1.275880,-0.520158,0.000025,0.012445
7.760000,1.267231,-0.575062,1.260629,1.268167,-0.562112,0.000025,0.012462
7.770000,1.261457,-0.579865,1.255206,1.260711,-0.594101,0.000025,0.012484
7.780000,1.255634,-0.584767,1.262689,1.256751,-0.571476,0.000025,0.012509
7.790000,1.249761,-0.589770,1.252994,1.251527,-0.570445,0.000025,0.012531
7.800000,1.243838,-0.594878,1.247229,1.246175,-0.571479,0.000025,0.012551
7.810000,1.237863,-0.600095,1.227845,1.237296,-0.622882,0.000025,0.012572
7.820000,1.231836,-0.605422,1.237851,1.232770,-0.604280,0.000025,0.012597
7.830000,1.225754,-0.610864,1.234366,1.228646,-0.582838,0.000025,0.012619
7.840000,1.219618,-0.616425,1.216774,1.221298,-0.611002,0.000025,0.012638
7.850000,1.213425,-0.622107,1.222341,1.216988,-0.591377,0.000025,0.012660
7.860000,1.207175,-0.627915,1.206665,1.209964,-0.613835,0.000025,0.012680
7.870000,1.200867,-0.633853,1.206558,1.204514,-0.610345,0.000025,0.012701
7.880000,1.194498,-0.639925,1.204777,1.200016,-0.593775,0.000025,0.012722
7.890000,1.188068,-0.646135,1.179652,1.190437,-0.653064,0.000025,0.012741
7.900000,1.181575,-0.652487,1.188008,1.184943,-0.644583,0.000025,0.012766
7.910000,1.175017,-0.658986,1.154258,1.172370,-0.739791,0.000025,0.012789
7.920000,1.168394,-0.665638,1.157428,1.163064,-0.773624,0.000025,0.012821
7.930000,1.161704,-0.672446,1.168183,1.158582,-0.732607,0.000025,0.012854
7.940000,1.154945,-0.679417,1.166801,1.155196,-0.681973,0.000025,0.012881
7.950000,1.148115,-0.686556,1.139836,1.146210,-0.720478,0.000025,0.012903
7.960000,1.141213,-0.693867,1.135382,1.138085,-0.740826,0.000025,0.012927
7.970000,1.134237,-0.701359,1.117836,1.127413,-0.795410,0.000025,0.012953
7.980000,1.127185,-0.709035,1.129488,1.122010,-0.765151,0.000025,0.012983
7.990000,1.120056,-0.716904,1.139317,1.120714,-0.679557,0.000025,0.013009
8.000000,1.112847,-0.724971,1.114505,1.114068,-0.685116,0.000025,0.013027
8.010000,1.105556,-0.733243,1.109180,1.107718,-0.685638,0.000026,0.013046
8.020000,1.098181,-0.741729,1.094467,1.099229,-0.717529,0.000026,0.013066
8.030000,1.090720,-0.750434,1.087623,1.090922,-0.742144,0.000026,0.013089
8.040000,1.083171,-0.759369,1.092394,1.085774,-0.716872,0.000026,0.013114
8.050000,1.075532,-0.768539,1.095877,1.083024,-0.660244,0.000026,0.013136
8.060000,1.067800,-0.777955,1.049471,1.069521,-0.770283,0.000026,0.013154
8.070000,1.059972,-0.787626,1.075944,1.065438,-0.725482,0.000026,0.013182
8.080000,1.052046,-0.797560,1.061306,1.058984,-0.722388,0.000026,0.013205
8.090000,1.044020,-0.807767,1.044673,1.049941,-0.758073,0.000026,0.013227
8.100000,1.035890,-0.818259,1.046282,1.043368,-0.752157,0.000026,0.013253
8.110000,1.027654,-0.829045,1.017142,1.031038,-0.832375,0.000026,0.013277
8.120000,1.019308,-0.840137,1.005987,1.018411,-0.905386,0.000026,0.013307
8.130000,1.010850,-0.851547,1.004072,1.007997,-0.935104,0.000026,0.013342
8.140000,1.002276,-0.863287,0.998754,0.998674,-0.944485,0.000026,0.013378
8.150000,0.993583,-0.875370,0.995900,0.990950,-0.928907,0.000026,0.013412
8.160000,0.984767,-0.887810,0.993399,0.984693,-0.893961,0.000026,0.013442
8.170000,0.975826,-0.900620,0.970236,0.974327,-0.925663,0.000026,0.013469
8.180000,0.966754,-0.913816,0.960705,0.963940,-0.953247,0.000026,0.013497
8.190000,0.957548,-0.927413,0.974545,0.959625,-0.886163,0.000026,0.013526
8.200000,0.948204,-0.941427,0.936620,0.947095,-0.952128,0.000026,0.013550
8.210000,0.938718,-0.955875,0.957106,0.942645,-0.887523,0.000026,0.013579
8.220000,0.929085,-0.970776,0.953865,0.938991,-0.820553,0.000026,0.013602
8.230000,0.919301,-0.986148,0.916660,0.927112,-0.887081,0.000026,0.013620
8.240000,0.909360,-1.002011,0.911449,0.916473,-0.925440,0.000026,0.013644
8.250000,0.899259,-1.018385,0.903356,0.906213,-0.952729,0.000026,0.013671
8.260000,0.888991,-1.035291,0.879951,0.892324,-1.030968,0.000026,0.013700
8.270000,0.878551,-1.052754,0.877204,0.880759,-1.063051,0.000026,0.013735
8.280000,0.867934,-1.070796,0.864051,0.868542,-1.100639,0.000026,0.013769
8.290000,0.857133,-1.089442,0.862381,0.858802,-1.095558,0.000026,0.013805
8.300000,0.846143,-1.108719,0.853511,0.849329,-1.087424,0.000026,0.013838
8.310000,0.834957,-1.128655,0.838983,0.838593,-1.099888,0.000026,0.013869
8.320000,0.823568,-1.149277,0.816380,0.824653,-1.159544,0.000026,0.013899
8.330000,0.811969,-1.170616,0.807122,0.811500,-1.198957,0.000026,0.013933
8.340000,0.800153,-1.192705,0.789172,0.796794,-1.256718,0.000026,0.013967
8.350000,0.788112,-1.215577,0.785256,0.784498,-1.269740,0.000026,0.014004
8.360000,0.775838,-1.239265,0.764461,0.769868,-1.316943,0.000026,0.014040
8.370000,0.763324,-1.263809,0.757969,0.757033,-1.330244,0.000026,0.014076
8.380000,0.750559,-1.289244,0.762142,0.748589,-1.274581,0.000026,0.014112
8.390000,0.737536,-1.315614,0.720894,0.731894,-1.354003,0.000026,0.014142
8.400000,0.724244,-1.342958,0.720570,0.718940,-1.364886,0.000026,0.014177
8.410000,0.710673,-1.371323,0.701750,0.704354,-1.399730,0.000026,0.014210
8.420000,0.696814,-1.400754,0.716226,0.697212,-1.315041,0.000027,0.014245
8.430000,0.682654,-1.431300,0.690547,0.685782,-1.308949,0.000027,0.014273
8.440000,0.668184,-1.463013,0.682791,0.675375,-1.288195,0.000027,0.014300
8.450000,0.653390,-1.495944,0.668774,0.664162,-1.283115,0.000027,0.014325
8.460000,0.638261,-1.530151,0.631677,0.646103,-1.385154,0.000027,0.014351
8.470000,0.622782,-1.565691,0.615412,0.627768,-1.477345,0.000027,0.014382
8.480000,0.606942,-1.602624,0.587416,0.606178,-1.607469,0.000027,0.014417
8.490000,0.590725,-1.641014,0.599097,0.592502,-1.596531,0.000027,0.014457
8.500000,0.574117,-1.680926,0.600573,0.582954,-1.523122,0.000027,0.014494
8.510000,0.557101,-1.722428,0.553550,0.563935,-1.608208,0.000027,0.014524
8.520000,0.539663,-1.765592,0.545111,0.547119,-1.647260,0.000027,0.014557
8.530000,0.521784,-1.810488,0.520720,0.527989,-1.717436,0.000027,0.014590
8.540000,0.503447,-1.857194,0.507094,0.509817,-1.763130,0.000027,0.014625
8.550000,0.484633,-1.905786,0.498394,0.493852,-1.768184,0.000027,0.014658
8.560000,0.465324,-1.956343,0.468313,0.474059,-1.833034,0.000027,0.014690
8.570000,0.445500,-2.008945,0.449298,0.454000,-1.893412,0.000027,0.014723
8.580000,0.425138,-2.063676,0.417763,0.430410,-2.001383,0.000027,0.014756
8.590000,0.404219,-2.120617,0.410548,0.410437,-2.037659,0.000027,0.014790
8.600000,0.382718,-2.179852,0.379656,0.387255,-2.119971,0.000027,0.014823
8.610000,0.360614,-2.241464,0.366657,0.366218,-2.157323,0.000027,0.014855
8.620000,0.337881,-2.305533,0.357228,0.348044,-2.144525,0.000027,0.014887
8.630000,0.314495,-2.372138,0.313711,0.323114,-2.240932,0.000027,0.014915
8.640000,0.290429,-2.441356,0.300436,0.300632,-2.285460,0.000027,0.014943
8.650000,0.265659,-2.513257,0.277250,0.277635,-2.332319,0.000027,0.014970
8.660000,0.240155,-2.587906,0.240731,0.250631,-2.436657,0.000027,0.014995
8.670000,0.213891,-2.665357,0.214714,0.223131,-2.534679,0.000027,0.015020
8.680000,0.186838,-2.745657,0.178461,0.192539,-2.668589,0.000027,0.015044
8.690000,0.158968,-2.828838,0.161664,0.164715,-2.740039,0.000027,0.015067
8.700000,0.130252,-2.914916,0.129912,0.135303,-2.827082,0.000027,0.015088
8.710000,0.100660,-3.003887,0.116334,0.109562,-2.843591,0.000027,0.015106
8.720000,0.070165,-3.095726,0.066755,0.077216,-2.963271,0.000027,0.015122
8.730000,0.038736,-3.190378,0.050529,0.048385,-3.010153,0.000027,0.015134
8.740000,0.006348,-3.287757,0.006683,0.015124,-3.121124,0.000027,0.015144
8.750000,-0.027028,-3.387740,-0.041116,-0.022906,-3.292510,0.000027,0.015150
8.760000,-0.061415,-3.490161,-0.065614,-0.058496,-3.400629,0.000027,0.015152
8.770000,-0.096838,-3.594805,-0.101053,-0.094833,-3.504982,0.000027,0.015150
8.780000,-0.133318,-3.701402,-0.130348,-0.130009,-3.575521,0.000027,0.015143
8.790000,-0.170872,-3.809621,-0.164813,-0.165505,-3.640390,0.000027,0.015131
8.800000,-0.209514,-3.919059,-0.220699,-0.207027,-3.790954,0.000027,0.015116
8.810000,-0.249255,-4.029242,-0.238925,-0.243300,-3.835447,0.000027,0.015093
8.820000,-0.290100,-4.139612,-0.299292,-0.286454,-3.981292,0.000027,0.015066
8.830000,-0.332046,-4.249524,-0.325517,-0.326063,-4.048282,0.000027,0.015031
8.840000,-0.375086,-4.358241,-0.369726,-0.367410,-4.131014,0.000027,0.014991
8.850000,-0.419204,-4.464933,-0.422414,-0.412436,-4.257340,0.000027,0.014944
8.860000,-0.464375,-4.568674,-0.466474,-0.458117,-4.372671,0.000027,0.014888
8.870000,-0.510565,-4.668441,-0.495044,-0.500003,-4.408374,0.000027,0.014824
8.880000,-0.557727,-4.763125,-0.561109,-0.548686,-4.541215,0.000027,0.014755
8.890000,-0.605806,-4.851537,-0.588712,-0.592646,-4.576638,0.000027,0.014675
8.900000,-0.654733,-4.932418,-0.650664,-0.641709,-4.681062,0.000027,0.014590
8.910000,-0.704425,-5.004462,-0.710887,-0.694523,-4.822082,0.000027,0.014495
8.920000,-0.754788,-5.066336,-0.761348,-0.747723,-4.941245,0.000027,0.014386
8.930000,-0.805713,-5.116707,-0.816062,-0.802186,-5.054124,0.000027,0.014265
8.940000,-0.857080,-5.154279,-0.852977,-0.852794,-5.083126,0.000027,0.014133
8.950000,-0.908752,-5.177825,-0.913675,-0.906287,-5.142220,0.000026,0.013995
8.960000,-0.960586,-5.186229,-0.965594,-0.959790,-5.182451,0.000026,0.013848
8.970000,-1.012423,-5.178525,-1.025885,-1.015362,-5.236292,0.000026,0.013693
8.980000,-1.064100,-5.153940,-1.065167,-1.067056,-5.213103,0.000026,0.013528
8.990000,-1.115444,-5.111932,-1.109637,-1.116705,-5.151987,0.000026,0.013360
9.000000,-1.166279,-5.052217,-1.149044,-1.163266,-5.044152,0.000026,0.013192
9.010000,-1.216429,-4.974802,-1.215285,-1.214113,-5.002640,0.000026,0.013026
9.020000,-1.265717,-4.879992,-1.262211,-1.263647,-4.936100,0.000026,0.012855
9.030000,-1.313973,-4.768403,-1.329654,-1.317236,-4.923567,0.000025,0.012681
9.040000,-1.361032,-4.640947,-1.368268,-1.366925,-4.844256,0.000025,0.012497
9.050000,-1.406743,-4.498820,-1.402072,-1.412034,-4.700828,0.000025,0.012310
9.060000,-1.450965,-4.343463,-1.446998,-1.456042,-4.552647,0.000025,0.012129
9.070000,-1.493574,-4.176527,-1.486145,-1.497754,-4.384959,0.000025,0.011953
9.080000,-1.534463,-3.999823,-1.549207,-1.543471,-4.285711,0.000025,0.011783
9.090000,-1.573544,-3.815268,-1.567733,-1.581793,-4.092172,0.000024,0.011609
9.100000,-1.610748,-3.624828,-1.600568,-1.617351,-3.883571,0.000024,0.011445
9.110000,-1.646027,-3.430469,-1.657580,-1.656522,-3.746199,0.000024,0.011291
9.120000,-1.679351,-3.234103,-1.669447,-1.688122,-3.523953,0.000024,0.011137
9.130000,-1.710709,-3.037542,-1.691863,-1.715886,-3.281822,0.000024,0.010994
9.140000,-1.740107,-2.842466,-1.737808,-1.746135,-3.104649,0.000024,0.010866
9.150000,-1.767568,-2.650389,-1.765467,-1.774436,-2.925572,0.000023,0.010741
9.160000,-1.793129,-2.462644,-1.807848,-1.804660,-2.794130,0.000023,0.010622
9.170000,-1.816839,-2.280369,-1.820996,-1.829912,-2.616725,0.000023,0.010502
9.180000,-1.838758,-2.104506,-1.844599,-1.853434,-2.443008,0.000023,0.010390
9.190000,-1.858953,-1.935803,-1.832013,-1.867353,-2.177166,0.000023,0.010284
9.200000,-1.877500,-1.774824,-1.881765,-1.887446,-2.029774,0.000023,0.010200
9.210000,-1.894477,-1.621961,-1.898438,-1.905631,-1.881272,0.000023,0.010118
9.220000,-1.909967,-1.477452,-1.919551,-1.923338,-1.749844,0.000023,0.010041
9.230000,-1.924054,-1.341399,-1.921877,-1.936566,-1.584813,0.000023,0.009966
9.240000,-1.936823,-1.213785,-1.951388,-1.952184,-1.475493,0.000022,0.009901
9.250000,-1.948357,-1.094494,-1.952200,-1.963643,-1.333634,0.000022,0.009837
9.260000,-1.958740,-0.983328,-1.953471,-1.971738,-1.175381,0.000022,0.009781
9.270000,-1.968050,-0.880025,-1.962691,-1.978869,-1.032791,0.000022,0.009734
9.280000,-1.976365,-0.784274,-1.984702,-1.988200,-0.940918,0.000022,0.009696
9.290000,-1.983760,-0.695725,-1.975761,-1.992776,-0.808135,0.000022,0.009659
9.300000,-1.990303,-0.614007,-1.969546,-1.993944,-0.658250,0.000022,0.009631
9.310000,-1.996061,-0.538732,-2.008611,-2.002309,-0.620229,0.000022,0.009612
9.320000,-2.001098,-0.469507,-1.992812,-2.005055,-0.521921,0.000022,0.009589
9.330000,-2.005470,-0.405940,-2.005159,-2.009150,-0.457002,0.000022,0.009571
9.340000,-2.009234,-0.347646,-2.022754,-2.015704,-0.432633,0.000022,0.009554
9.350000,-2.012439,-0.294247,-2.001010,-2.015855,-0.336551,0.000022,0.009533
9.360000,-2.015134,-0.245383,-2.010386,-2.017283,-0.272828,0.000022,0.009520
9.370000,-2.017361,-0.200708,-2.004892,-2.016697,-0.196682,0.000022,0.009510
9.380000,-2.019161,-0.159893,-2.012056,-2.017216,-0.147296,0.000022,0.009506
9.390000,-2.020571,-0.122629,-2.029524,-2.021062,-0.146161,0.000022,0.009503
9.400000,-2.021624,-0.088624,-2.029315,-2.024011,-0.134519,0.000022,0.009495
9.410000,-2.022353,-0.057607,-2.016709,-2.023463,-0.083520,0.000022,0.009486
9.420000,-2.022786,-0.029326,-2.018172,-2.022957,-0.042226,0.000022,0.009481
9.430000,-2.022948,-0.003545,-2.019292,-2.022484,-0.008774,0.000022,0.009479
9.440000,-2.022864,0.019952,-2.037240,-2.025782,-0.025992,0.000022,0.009478
9.450000,-2.022556,0.041366,-2.019535,-2.024618,0.012757,0.000022,0.009473
9.460000,-2.022043,0.060881,-2.010248,-2.021374,0.069133,0.000022,0.009472
9.470000,-2.021344,0.078666,-2.048549,-2.026780,0.012862,0.000022,0.009476
9.480000,-2.020475,0.094878,-2.030385,-2.027469,0.022676,0.000022,0.009471
9.490000,-2.019451,0.109657,-2.033457,-2.028602,0.025459,0.000022,0.009466
9.500000,-2.018286,0.123133,-2.018703,-2.026237,0.069154,0.000022,0.009461
9.510000,-2.016993,0.135426,-2.017949,-2.023883,0.104815,0.000022,0.009461
9.520000,-2.015581,0.146644,-2.013713,-2.020839,0.142220,0.000022,0.009466
9.530000,-2.014063,0.156885,-2.011024,-2.017581,0.175446,0.000022,0.009474
9.540000,-2.012447,0.166239,-1.995830,-2.011451,0.236795,0.000022,0.009485
9.550000,-2.010741,0.174789,-2.011238,-2.009554,0.236897,0.000022,0.009502
9.560000,-2.008953,0.182607,-1.989101,-2.003224,0.289773,0.000022,0.009516
9.570000,-2.007091,0.189762,-2.001651,-2.000617,0.288902,0.000022,0.009535
9.580000,-2.005160,0.196316,-2.019354,-2.002472,0.234914,0.000022,0.009551
9.590000,-2.003166,0.202323,-2.019221,-2.004316,0.190701,0.000022,0.009558
9.600000,-2.001115,0.207836,-2.000089,-2.001899,0.205349,0.000022,0.009558
9.610000,-1.999011,0.212899,-2.009981,-2.002074,0.186408,0.000022,0.009561
9.620000,-1.996859,0.217554,-1.998390,-1.999809,0.200015,0.000022,0.009562
9.630000,-1.994661,0.221839,-2.002527,-1.998847,0.195631,0.000022,0.009566
9.640000,-1.992423,0.225789,-1.994848,-1.996441,0.209295,0.000022,0.009570
9.650000,-1.990147,0.229435,-1.991355,-1.993689,0.224661,0.000022,0.009576
9.660000,-1.987835,0.232805,-1.990599,-1.991257,0.233474,0.000022,0.009585
9.670000,-1.985491,0.235924,-1.987236,-1.988551,0.244010,0.000022,0.009594
9.680000,-1.983117,0.238816,-1.985973,-1.986080,0.249862,0.000022,0.009605
9.690000,-1.980716,0.241502,-1.973938,-1.981456,0.280524,0.000022,0.009615
9.700000,-1.978288,0.244001,-1.979442,-1.978825,0.281848,0.000022,0.009629
9.710000,-1.975836,0.246331,-1.988150,-1.978686,0.253012,0.000022,0.009642
9.720000,-1.973362,0.248507,-1.992549,-1.979775,0.214531,0.000022,0.009650
9.730000,-1.970866,0.250543,-1.966279,-1.975122,0.251990,0.000022,0.009653
9.740000,-1.968351,0.252453,-1.960553,-1.969939,0.289198,0.000022,0.009662
9.750000,-1.965818,0.254248,-1.970965,-1.967914,0.281817,0.000022,0.009676
9.760000,-1.963267,0.255939,-1.967464,-1.965620,0.279005,0.000022,0.009688
9.770000,-1.960699,0.257536,-1.960185,-1.962244,0.289769,0.000022,0.009699
9.780000,-1.958116,0.259047,-1.969574,-1.961612,0.265522,0.000022,0.009711
9.790000,-1.955519,0.260481,-1.951176,-1.957232,0.290882,0.000022,0.009719
9.800000,-1.952907,0.261845,-1.972095,-1.958264,0.246322,0.000022,0.009731
9.810000,-1.950282,0.263146,-1.947992,-1.954068,0.272932,0.000022,0.009737
9.820000,-1.947644,0.264389,-1.933806,-1.947447,0.324250,0.000022,0.009747
9.830000,-1.944994,0.265580,-1.949367,-1.945351,0.311729,0.000022,0.009764
9.840000,-1.942333,0.266724,-1.944070,-1.942642,0.308890,0.000022,0.009778
9.850000,-1.939660,0.267825,-1.953133,-1.942573,0.274500,0.000022,0.009791
9.860000,-1.936976,0.268888,-1.952461,-1.942639,0.244536,0.000022,0.009799
9.870000,-1.934282,0.269917,-1.950340,-1.942453,0.222942,0.000022,0.009803
9.880000,-1.931578,0.270914,-1.938527,-1.939845,0.234620,0.000022,0.009805
9.890000,-1.928864,0.271884,-1.925564,-1.934840,0.273424,0.000022,0.009811
9.900000,-1.926140,0.272828,-1.922443,-1.929951,0.304006,0.000022,0.009822
9.910000,-1.923408,0.273750,-1.917698,-1.924857,0.331797,0.000022,0.009837
9.920000,-1.920666,0.274651,-1.922555,-1.921766,0.330348,0.000022,0.009855
9.930000,-1.917915,0.275535,-1.893240,-1.912831,0.400605,0.000022,0.009872
9.940000,-1.915155,0.276402,-1.919138,-1.911129,0.370236,0.000022,0.009896
9.950000,-1.912387,0.277256,-1.900499,-1.905878,0.388727,0.000022,0.009915
9.960000,-1.909610,0.278096,-1.908257,-1.903393,0.370112,0.000022,0.009935
9.970000,-1.906825,0.278926,-1.906594,-1.901238,0.350732,0.000022,0.009951
9.980000,-1.904031,0.279746,-1.901807,-1.898645,0.340172,0.000022,0.009963
9.990000,-1.901230,0.280557,-1.911512,-1.898895,0.296479,0.000022,0.009975
10.000000,-1.898420,0.281362,-1.882143,-1.892833,0.338195,0.000022,0.009981
